_Comment,_IsVideoLearning,            m_invertDataCurrentValue,            CvbsAnalyzerState,            m_videoScore.m_isVideo,            m_videoScore.m_isInvertedVideo,            m_samplesReadTotal,            k_sampleRate,            m_syncTreshold,            m_syncSequenceLengthHistogram.m_binsRange.min,            m_syncSequenceLengthHistogram.m_binsRange.max,            m_syncSequenceLengthHistogram.k_binsCount,            m_syncSequenceLengthHistogram.m_samplesCount,            m_syncSequenceLengtS10,S11,S12,S13,S14,S15,S16,S17,S18,S19,S20,S21,S22,S23,S24,S25,S26,S27,S28,S29,S30,S31,S32,S33,S34,S35,S36,S37,S38,S39,S40,S41,S42,S43,S44,S45,S46,S47,S48,S49,S50,S51,S52,S53,S54,S55,S56,S57,S58,S59,S60,S61,S62,S63,S64,S65,S66,S67,S68,S69,S70,S71,S72,S73,S74,S75,S76,S77,S78,S79,S80,S81,S82,S83,S84,S85,S86,S87,S88,S89,S90,S91,S92,S93,S94,S95,S96,S97,S98,S99,S100,m_notSyncSequenceLengthHistogram.m_binsRange.min,            m_notSyncSequenceLengthHistogram.m_binsRange.max,            m_notSyncSequenceLengthHistogram.k_binsCount,            m_notSyncSequenceLengthHistogram.m_samplesCount,            m_notSyncSequenceLengthHistogram.bins_weights,N1,N2,N3,N4,N5,N6,N7,N8,N9,N10,N11,N12,N13,N14,N15,N16,N17,N18,N19,N20,N21,N22,N23,N24,N25,N26,N27,N28,N29,N30,N31,N32,N33,N34,N35,N36,N37,N38,N39,N40,N41,N42,N43,N44,N45,N46,N47,N48,N49,N50,N51,N52,N53,N54,N55,N56,N57,N58,N59,N60,N61,N62,N63,N64,N65,N66,N67,N68,N69,N70,N71,N72,N73,N74,N75,N76,N77,N78,N79,N80,N81,N82,N83,N84,N85,N86,N87,N88,N89,N90,N91,N92,N93,N94,N95,N96,N97,N98,N99,N100,m_amplitudeHistogram.0,m_amplitudeHistogram.1,m_amplitudeHistogram.2,m_amplitudeHistogram.3,m_amplitudeHistogram.4,m_amplitudeHistogram.5,m_amplitudeHistogram.6,m_amplitudeHistogram.7,m_amplitudeHistogram.8,m_amplitudeHistogram.9,m_amplitudeHistogram.10,m_amplitudeHistogram.11,m_amplitudeHistogram.12,m_amplitudeHistogram.13,m_amplitudeHistogram.14,m_amplitudeHistogram.15,m_amplitudeHistogram.16,m_amplitudeHistogram.17,m_amplitudeHistogram.18,m_amplitudeHistogram.19,m_amplitudeHistogram.20,m_amplitudeHistogram.21,m_amplitudeHistogram.22,m_amplitudeHistogram.23,m_amplitudeHistogram.24,m_amplitudeHistogram.25,m_amplitudeHistogram.26,m_amplitudeHistogram.27,m_amplitudeHistogram.28,m_amplitudeHistogram.29,m_amplitudeHistogram.30,m_amplitudeHistogram.31,m_amplitudeHistogram.32,m_amplitudeHistogram.33,m_amplitudeHistogram.34,m_amplitudeHistogram.35,m_amplitudeHistogram.36,m_amplitudeHistogram.37,m_amplitudeHistogram.38,m_amplitudeHistogram.39,m_amplitudeHistogram.40,m_amplitudeHistogram.41,m_amplitudeHistogram.42,m_amplitudeHistogram.43,m_amplitudeHistogram.44,m_amplitudeHistogram.45,m_amplitudeHistogram.46,m_amplitudeHistogram.47,m_amplitudeHistogram.48,m_amplitudeHistogram.49,m_amplitudeHistogram.50,m_amplitudeHistogram.51,m_amplitudeHistogram.52,m_amplitudeHistogram.53,m_amplitudeHistogram.54,m_amplitudeHistogram.55,m_amplitudeHistogram.56,m_amplitudeHistogram.57,m_amplitudeHistogram.58,m_amplitudeHistogram.59,m_amplitudeHistogram.60,m_amplitudeHistogram.61,m_amplitudeHistogram.62,m_amplitudeHistogram.63,m_amplitudeHistogram.64,m_amplitudeHistogram.65,m_amplitudeHistogram.66,m_amplitudeHistogram.67,m_amplitudeHistogram.68,m_amplitudeHistogram.69,m_amplitudeHistogram.70,m_amplitudeHistogram.71,m_amplitudeHistogram.72,m_amplitudeHistogram.73,m_amplitudeHistogram.74,m_amplitudeHistogram.75,m_amplitudeHistogram.76,m_amplitudeHistogram.77,m_amplitudeHistogram.78,m_amplitudeHistogram.79,m_amplitudeHistogram.80,m_amplitudeHistogram.81,m_amplitudeHistogram.82,m_amplitudeHistogram.83,m_amplitudeHistogram.84,m_amplitudeHistogram.85,m_amplitudeHistogram.86,m_amplitudeHistogram.87,m_amplitudeHistogram.88,m_amplitudeHistogram.89,m_amplitudeHistogram.90,m_amplitudeHistogram.91,m_amplitudeHistogram.92,m_amplitudeHistogram.93,m_amplitudeHistogram.94,m_amplitudeHistogram.95,m_amplitudeHistogram.96,m_amplitudeHistogram.97,m_amplitudeHistogram.98,m_amplitudeHistogram.99,m_stateProfilers.k_failedBadState,m_stateProfilers.k_failedFastADCInitialization,m_stateProfilers.k_failedSampling,m_stateProfilers.k_failedAmplitude,m_stateProfilers.k_failedSyncIntervals,m_stateProfilers.k_failedVideoScore,m_stateProfilers.k_failedFastADCStop,m_stateProfilers.k_failedUnknownError,m_stateProfilers.k_totalAnalyzeTime,m_stateProfilers.k_notInitialized,m_stateProfilers.k_initializing,m_stateProfilers.k_initializedAndIdle,m_stateProfilers.k_amplitudeSampling,m_stateProfilers.k_amplitudeCalculation,m_stateProfilers.k_syncIntervalsSampling,m_stateProfilers.k_syncIntervalsCalculation,m_stateProfilers.k_videoScoreCalculation,m_stateProfilers.k_restartInverted,m_stateProfilers.k_stopADC,m_stateProfilers.k_finished,
,,0,10,0.051347,0.000000,9600,1000000,1638,0,100,100,198,,0.000000,0.439394,0.065657,0.085859,0.030303,0.020202,0.055556,0.025253,0.005051,0.020202,0.005051,0.005051,0.000000,0.000000,0.005051,0.005051,0.000000,0.010101,0.010101,0.000000,0.005051,0.005051,0.000000,0.000000,0.000000,0.000000,0.000000,0.000000,0.000000,0.050505,0.015152,0.010101,0.005051,0.000000,0.000000,0.000000,0.106061,0.015152,0.000000,0.000000,0.000000,0.000000,0.000000,0.000000,0.000000,0.000000,0.000000,0.000000,0.000000,0.000000,0.000000,0.000000,0.000000,0.000000,0.000000,0.000000,0.000000,0.000000,0.000000,0.000000,0.000000,0.000000,0.000000,0.000000,0.000000,0.000000,0.000000,0.000000,0.000000,0.000000,0.000000,0.000000,0.000000,0.000000,0.000000,0.000000,0.000000,0.000000,0.000000,0.000000,0.000000,0.000000,0.000000,0.000000,0.000000,0.000000,0.000000,0.000000,0.000000,0.000000,0.000000,0.000000,0.000000,0.000000,0.000000,0.000000,0.000000,0.000000,0.000000,0.000000,0,100,100,198,,0.000000,0.398990,0.101010,0.085859,0.060606,0.005051,0.065657,0.000000,0.000000,0.000000,0.000000,0.000000,0.000000,0.000000,0.000000,0.000000,0.000000,0.000000,0.000000,0.000000,0.000000,0.015152,0.025253,0.040404,0.030303,0.020202,0.020202,0.030303,0.101010,0.000000,0.000000,0.000000,0.000000,0.000000,0.000000,0.000000,0.000000,0.000000,0.000000,0.000000,0.000000,0.000000,0.000000,0.000000,0.000000,0.000000,0.000000,0.000000,0.000000,0.000000,0.000000,0.000000,0.000000,0.000000,0.000000,0.000000,0.000000,0.000000,0.000000,0.000000,0.000000,0.000000,0.000000,0.000000,0.000000,0.000000,0.000000,0.000000,0.000000,0.000000,0.000000,0.000000,0.000000,0.000000,0.000000,0.000000,0.000000,0.000000,0.000000,0.000000,0.000000,0.000000,0.000000,0.000000,0.000000,0.000000,0.000000,0.000000,0.000000,0.000000,0.000000,0.000000,0.000000,0.000000,0.000000,0.000000,0.000000,0.000000,0.000000,0.000000,0.000000,0.000000,0.000000,0.000000,0.000000,0.000000,0.000000,0.000000,0.000000,0.000000,0.000000,0.000000,0.000000,0.000000,0.000000,0.000000,0.000000,0.000000,0.000000,0.000000,0.000000,0.000000,0.000000,0.000000,0.000000,0.000000,0.000000,0.000000,0.000000,0.000000,0.000000,0.000000,0.000633,0.001267,0.001900,0.003167,0.005700,0.426852,0.082331,0.009500,0.005066,0.002533,0.001900,0.006966,0.003800,0.004433,0.007600,0.005700,0.014566,0.017099,0.001267,0.008233,0.004433,0.005700,0.005700,0.006966,0.006966,0.005066,0.001900,0.005700,0.006966,0.006333,0.010766,0.001267,0.008233,0.008233,0.010766,0.009500,0.022799,0.022799,0.013300,0.014566,0.013300,0.012666,0.005700,0.011400,0.004433,0.024066,0.043699,0.005066,0.004433,0.004433,0.002533,0.000633,0.001900,0.000000,0.002533,0.006333,0.005066,0.002533,0.000000,0.000000,0.000000,0.000000,0.000000,0.000000,0.058898,0.001900,0.000000,0.000000,0,0,0,0,0,0,0,0,8780,0,0,0,5708,85,2145,9,113,0,60,0,
,,0,10,0.075144,0.000000,9600,1000000,1577,0,100,100,52,,0.000000,0.634615,0.000000,0.000000,0.000000,0.038462,0.000000,0.000000,0.000000,0.000000,0.000000,0.000000,0.000000,0.000000,0.000000,0.000000,0.000000,0.000000,0.000000,0.000000,0.000000,0.000000,0.019231,0.000000,0.000000,0.000000,0.000000,0.019231,0.000000,0.134615,0.038462,0.000000,0.000000,0.000000,0.000000,0.000000,0.115385,0.000000,0.000000,0.000000,0.000000,0.000000,0.000000,0.000000,0.000000,0.000000,0.000000,0.000000,0.000000,0.000000,0.000000,0.000000,0.000000,0.000000,0.000000,0.000000,0.000000,0.000000,0.000000,0.000000,0.000000,0.000000,0.000000,0.000000,0.000000,0.000000,0.000000,0.000000,0.000000,0.000000,0.000000,0.000000,0.000000,0.000000,0.000000,0.000000,0.000000,0.000000,0.000000,0.000000,0.000000,0.000000,0.000000,0.000000,0.000000,0.000000,0.000000,0.000000,0.000000,0.000000,0.000000,0.000000,0.000000,0.000000,0.000000,0.000000,0.000000,0.000000,0.000000,0.000000,0,100,100,71,,0.000000,0.070423,0.000000,0.014085,0.000000,0.028169,0.169014,0.028169,0.014085,0.000000,0.000000,0.000000,0.000000,0.014085,0.000000,0.014085,0.000000,0.014085,0.000000,0.000000,0.000000,0.042254,0.042254,0.000000,0.000000,0.014085,0.014085,0.014085,0.112676,0.000000,0.000000,0.000000,0.000000,0.000000,0.000000,0.028169,0.000000,0.014085,0.000000,0.000000,0.000000,0.000000,0.000000,0.000000,0.000000,0.000000,0.014085,0.000000,0.000000,0.000000,0.000000,0.000000,0.000000,0.000000,0.000000,0.014085,0.000000,0.000000,0.014085,0.000000,0.000000,0.000000,0.000000,0.000000,0.000000,0.000000,0.000000,0.000000,0.000000,0.014085,0.000000,0.000000,0.000000,0.000000,0.000000,0.000000,0.014085,0.000000,0.000000,0.000000,0.000000,0.000000,0.000000,0.000000,0.000000,0.000000,0.000000,0.000000,0.000000,0.000000,0.000000,0.000000,0.000000,0.000000,0.000000,0.000000,0.000000,0.000000,0.000000,0.281690,0.000000,0.000000,0.000000,0.000000,0.000000,0.000000,0.000000,0.000000,0.000000,0.000000,0.000000,0.000000,0.000000,0.000000,0.000000,0.000000,0.000000,0.000000,0.000000,0.000000,0.000000,0.000000,0.000000,0.000000,0.000000,0.000000,0.000627,0.000000,0.000000,0.000627,0.000000,0.003133,0.002506,0.000627,0.004386,0.002506,0.000627,0.369048,0.149749,0.006266,0.036967,0.001253,0.002506,0.003133,0.006266,0.000627,0.005013,0.000000,0.000000,0.006266,0.000627,0.002506,0.003759,0.003133,0.002506,0.003133,0.006892,0.010025,0.003759,0.008145,0.005013,0.004386,0.010025,0.003133,0.008772,0.008145,0.006266,0.006266,0.016291,0.022556,0.016917,0.017544,0.025689,0.016291,0.007519,0.009398,0.005013,0.010652,0.055764,0.000627,0.001880,0.000000,0.001253,0.000627,0.002506,0.001880,0.003759,0.006892,0.000000,0.000000,0.000000,0.000000,0.000000,0.000000,0.000000,0.001253,0.073308,0.003759,0.000000,0.000000,0,0,0,0,0,0,0,0,7614,0,0,0,5717,20,1305,9,42,0,16,0,
,,0,10,0.025670,0.000000,9600,1000000,2743,0,100,100,336,,0.000000,0.610119,0.151786,0.056548,0.092262,0.014881,0.023810,0.014881,0.002976,0.002976,0.002976,0.000000,0.000000,0.000000,0.002976,0.000000,0.000000,0.000000,0.000000,0.000000,0.000000,0.000000,0.000000,0.000000,0.000000,0.000000,0.000000,0.000000,0.000000,0.000000,0.000000,0.000000,0.000000,0.000000,0.000000,0.000000,0.000000,0.000000,0.000000,0.000000,0.000000,0.000000,0.005952,0.000000,0.000000,0.000000,0.000000,0.000000,0.000000,0.000000,0.000000,0.000000,0.002976,0.014881,0.000000,0.000000,0.000000,0.000000,0.000000,0.000000,0.000000,0.000000,0.000000,0.000000,0.000000,0.000000,0.000000,0.000000,0.000000,0.000000,0.000000,0.000000,0.000000,0.000000,0.000000,0.000000,0.000000,0.000000,0.000000,0.000000,0.000000,0.000000,0.000000,0.000000,0.000000,0.000000,0.000000,0.000000,0.000000,0.000000,0.000000,0.000000,0.000000,0.000000,0.000000,0.000000,0.000000,0.000000,0.000000,0.000000,0,100,100,352,,0.000000,0.579545,0.113636,0.085227,0.042614,0.011364,0.019886,0.000000,0.005682,0.000000,0.005682,0.019886,0.039773,0.019886,0.005682,0.000000,0.002841,0.002841,0.000000,0.000000,0.000000,0.000000,0.000000,0.000000,0.000000,0.000000,0.000000,0.000000,0.000000,0.000000,0.000000,0.000000,0.000000,0.000000,0.000000,0.000000,0.000000,0.000000,0.000000,0.000000,0.000000,0.000000,0.000000,0.000000,0.000000,0.000000,0.000000,0.000000,0.000000,0.000000,0.000000,0.000000,0.000000,0.000000,0.000000,0.000000,0.000000,0.000000,0.000000,0.000000,0.000000,0.000000,0.000000,0.000000,0.000000,0.000000,0.000000,0.000000,0.000000,0.000000,0.000000,0.000000,0.000000,0.000000,0.000000,0.000000,0.000000,0.000000,0.000000,0.000000,0.000000,0.000000,0.000000,0.000000,0.000000,0.000000,0.000000,0.000000,0.000000,0.000000,0.000000,0.000000,0.000000,0.000000,0.000000,0.000000,0.000000,0.000000,0.000000,0.045455,0.000000,0.000000,0.000000,0.000000,0.000000,0.000000,0.000000,0.000000,0.000000,0.000000,0.000000,0.000000,0.000000,0.000000,0.000000,0.000000,0.000000,0.000000,0.000000,0.000000,0.000000,0.000000,0.000627,0.000000,0.000000,0.000000,0.000000,0.000000,0.000000,0.000000,0.000000,0.000000,0.000000,0.000000,0.000000,0.000000,0.000627,0.000000,0.000000,0.000627,0.000000,0.000000,0.000000,0.000627,0.000627,0.000000,0.001253,0.000000,0.003133,0.002506,0.001880,0.001253,0.001880,0.004386,0.005639,0.005013,0.005013,0.006892,0.006266,0.015038,0.009398,0.013784,0.028195,0.009398,0.023810,0.038847,0.053258,0.044486,0.082080,0.080827,0.067043,0.059524,0.061404,0.038847,0.011278,0.029449,0.033835,0.073308,0.084586,0.001253,0.001880,0.001253,0.001880,0.001880,0.001253,0.001880,0.002506,0.001253,0.000000,0.000000,0.000000,0.000000,0.000000,0.000000,0.000000,0.000000,0.069549,0.008772,0.000000,0.000000,0,0,0,0,0,0,0,0,9225,0,0,0,5752,21,2920,9,47,0,17,0,
,,0,10,0.192073,0.000000,9600,1000000,1658,0,100,100,15,,0.000000,1.000000,0.000000,0.000000,0.000000,0.000000,0.000000,0.000000,0.000000,0.000000,0.000000,0.000000,0.000000,0.000000,0.000000,0.000000,0.000000,0.000000,0.000000,0.000000,0.000000,0.000000,0.000000,0.000000,0.000000,0.000000,0.000000,0.000000,0.000000,0.000000,0.000000,0.000000,0.000000,0.000000,0.000000,0.000000,0.000000,0.000000,0.000000,0.000000,0.000000,0.000000,0.000000,0.000000,0.000000,0.000000,0.000000,0.000000,0.000000,0.000000,0.000000,0.000000,0.000000,0.000000,0.000000,0.000000,0.000000,0.000000,0.000000,0.000000,0.000000,0.000000,0.000000,0.000000,0.000000,0.000000,0.000000,0.000000,0.000000,0.000000,0.000000,0.000000,0.000000,0.000000,0.000000,0.000000,0.000000,0.000000,0.000000,0.000000,0.000000,0.000000,0.000000,0.000000,0.000000,0.000000,0.000000,0.000000,0.000000,0.000000,0.000000,0.000000,0.000000,0.000000,0.000000,0.000000,0.000000,0.000000,0.000000,0.000000,0,100,100,41,,0.000000,0.073171,0.000000,0.000000,0.000000,0.000000,0.000000,0.000000,0.000000,0.000000,0.000000,0.000000,0.000000,0.000000,0.000000,0.000000,0.000000,0.000000,0.000000,0.000000,0.000000,0.000000,0.000000,0.000000,0.000000,0.000000,0.000000,0.000000,0.000000,0.000000,0.000000,0.000000,0.000000,0.000000,0.000000,0.000000,0.000000,0.000000,0.000000,0.000000,0.000000,0.000000,0.000000,0.000000,0.000000,0.000000,0.000000,0.000000,0.000000,0.000000,0.000000,0.000000,0.000000,0.000000,0.000000,0.000000,0.000000,0.000000,0.000000,0.000000,0.024390,0.000000,0.073171,0.121951,0.024390,0.000000,0.000000,0.000000,0.000000,0.000000,0.000000,0.000000,0.000000,0.000000,0.000000,0.000000,0.000000,0.000000,0.000000,0.000000,0.000000,0.000000,0.000000,0.000000,0.000000,0.000000,0.000000,0.000000,0.000000,0.024390,0.000000,0.024390,0.000000,0.000000,0.000000,0.000000,0.000000,0.000000,0.000000,0.634146,0.000000,0.000000,0.000000,0.000000,0.000000,0.000000,0.000000,0.000000,0.000000,0.000000,0.000000,0.000000,0.000000,0.000000,0.000000,0.000000,0.000000,0.000000,0.000000,0.000000,0.000000,0.000627,0.000000,0.000000,0.000000,0.000000,0.000000,0.000000,0.000000,0.000000,0.000000,0.000627,0.000000,0.002506,0.005639,0.004386,0.008145,0.179198,0.265664,0.012531,0.008772,0.006266,0.003133,0.007519,0.006266,0.003133,0.003759,0.003759,0.005013,0.005013,0.000627,0.003133,0.000627,0.001253,0.002506,0.005639,0.005013,0.023183,0.019424,0.042607,0.041353,0.033208,0.045113,0.006266,0.009398,0.005639,0.003759,0.001253,0.006266,0.008772,0.004386,0.005639,0.001253,0.001253,0.000627,0.001880,0.000000,0.011278,0.080827,0.000627,0.000627,0.000000,0.001253,0.001880,0.001880,0.001880,0.002506,0.006892,0.000000,0.000000,0.000000,0.000000,0.000627,0.007519,0.007519,0.000000,0.055138,0.007519,0.000000,0.000000,0,0,0,0,0,0,0,0,7410,0,0,0,5749,20,1113,8,42,0,17,0,
,,0,10,0.020833,0.000000,9600,1000000,2436,0,100,100,188,,0.000000,0.361702,0.079787,0.005319,0.015957,0.000000,0.000000,0.010638,0.000000,0.021277,0.063830,0.101064,0.010638,0.010638,0.010638,0.010638,0.005319,0.000000,0.000000,0.000000,0.005319,0.005319,0.005319,0.005319,0.005319,0.005319,0.005319,0.005319,0.000000,0.000000,0.000000,0.000000,0.000000,0.000000,0.005319,0.015957,0.058511,0.015957,0.000000,0.000000,0.000000,0.000000,0.000000,0.000000,0.000000,0.000000,0.005319,0.000000,0.000000,0.000000,0.000000,0.005319,0.005319,0.005319,0.005319,0.000000,0.000000,0.063830,0.037234,0.000000,0.000000,0.000000,0.000000,0.000000,0.000000,0.000000,0.000000,0.000000,0.000000,0.000000,0.000000,0.000000,0.000000,0.000000,0.000000,0.000000,0.000000,0.000000,0.000000,0.000000,0.000000,0.000000,0.000000,0.000000,0.000000,0.000000,0.000000,0.000000,0.000000,0.000000,0.000000,0.000000,0.000000,0.000000,0.000000,0.000000,0.000000,0.000000,0.000000,0.000000,0.000000,0.000000,0.000000,0.000000,0.000000,0,100,100,188,,0.000000,0.446809,0.085106,0.047872,0.031915,0.021277,0.015957,0.031915,0.015957,0.005319,0.000000,0.042553,0.186170,0.047872,0.000000,0.005319,0.005319,0.005319,0.000000,0.005319,0.000000,0.000000,0.000000,0.000000,0.000000,0.000000,0.000000,0.000000,0.000000,0.000000,0.000000,0.000000,0.000000,0.000000,0.000000,0.000000,0.000000,0.000000,0.000000,0.000000,0.000000,0.000000,0.000000,0.000000,0.000000,0.000000,0.000000,0.000000,0.000000,0.000000,0.000000,0.000000,0.000000,0.000000,0.000000,0.000000,0.000000,0.000000,0.000000,0.000000,0.000000,0.000000,0.000000,0.000000,0.000000,0.000000,0.000000,0.000000,0.000000,0.000000,0.000000,0.000000,0.000000,0.000000,0.000000,0.000000,0.000000,0.000000,0.000000,0.000000,0.000000,0.000000,0.000000,0.000000,0.000000,0.000000,0.000000,0.000000,0.000000,0.000000,0.000000,0.000000,0.000000,0.000000,0.000000,0.000000,0.000000,0.000000,0.000000,0.000000,0.000000,0.000000,0.000000,0.000000,0.000000,0.000000,0.000000,0.000000,0.000000,0.000000,0.000000,0.000000,0.000000,0.000000,0.000000,0.000000,0.000000,0.000000,0.000000,0.000000,0.000000,0.000000,0.000000,0.000000,0.000000,0.000000,0.000000,0.000000,0.000000,0.000000,0.000000,0.000000,0.000000,0.000000,0.000627,0.000627,0.000627,0.003133,0.000000,0.001880,0.001253,0.003759,0.000627,0.003759,0.001880,0.002506,0.001880,0.001880,0.003759,0.002506,0.001880,0.015038,0.031955,0.069549,0.095238,0.098371,0.103383,0.106516,0.059524,0.048872,0.030075,0.019424,0.026942,0.006266,0.018170,0.009398,0.008145,0.007519,0.011905,0.010652,0.007519,0.005639,0.004386,0.006266,0.001880,0.003133,0.003133,0.008145,0.058271,0.001253,0.001880,0.002506,0.000627,0.001880,0.001880,0.001880,0.001253,0.001253,0.000000,0.000000,0.000000,0.000000,0.000000,0.000000,0.000000,0.000000,0.070802,0.006892,0.000000,0.000000,0,0,0,0,0,0,0,0,8418,0,0,0,5816,22,2046,8,47,0,16,0,
,,0,10,0.058943,0.000000,9600,1000000,1638,0,100,100,205,,0.000000,0.478049,0.078049,0.068293,0.014634,0.019512,0.014634,0.029268,0.029268,0.009756,0.000000,0.000000,0.000000,0.014634,0.000000,0.000000,0.009756,0.019512,0.029268,0.004878,0.000000,0.000000,0.000000,0.004878,0.000000,0.004878,0.000000,0.004878,0.053659,0.019512,0.000000,0.000000,0.000000,0.000000,0.000000,0.000000,0.092683,0.000000,0.000000,0.000000,0.000000,0.000000,0.000000,0.000000,0.000000,0.000000,0.000000,0.000000,0.000000,0.000000,0.000000,0.000000,0.000000,0.000000,0.000000,0.000000,0.000000,0.000000,0.000000,0.000000,0.000000,0.000000,0.000000,0.000000,0.000000,0.000000,0.000000,0.000000,0.000000,0.000000,0.000000,0.000000,0.000000,0.000000,0.000000,0.000000,0.000000,0.000000,0.000000,0.000000,0.000000,0.000000,0.000000,0.000000,0.000000,0.000000,0.000000,0.000000,0.000000,0.000000,0.000000,0.000000,0.000000,0.000000,0.000000,0.000000,0.000000,0.000000,0.000000,0.000000,0,100,100,205,,0.000000,0.317073,0.107317,0.102439,0.048780,0.048780,0.043902,0.058537,0.000000,0.000000,0.000000,0.000000,0.000000,0.000000,0.000000,0.000000,0.000000,0.000000,0.000000,0.000000,0.009756,0.039024,0.039024,0.009756,0.019512,0.009756,0.014634,0.024390,0.107317,0.000000,0.000000,0.000000,0.000000,0.000000,0.000000,0.000000,0.000000,0.000000,0.000000,0.000000,0.000000,0.000000,0.000000,0.000000,0.000000,0.000000,0.000000,0.000000,0.000000,0.000000,0.000000,0.000000,0.000000,0.000000,0.000000,0.000000,0.000000,0.000000,0.000000,0.000000,0.000000,0.000000,0.000000,0.000000,0.000000,0.000000,0.000000,0.000000,0.000000,0.000000,0.000000,0.000000,0.000000,0.000000,0.000000,0.000000,0.000000,0.000000,0.000000,0.000000,0.000000,0.000000,0.000000,0.000000,0.000000,0.000000,0.000000,0.000000,0.000000,0.000000,0.000000,0.000000,0.000000,0.000000,0.000000,0.000000,0.000000,0.000000,0.000000,0.000000,0.000000,0.000000,0.000000,0.000000,0.000000,0.000000,0.000000,0.000000,0.000000,0.000000,0.000000,0.000000,0.000000,0.000000,0.000000,0.000000,0.000000,0.000000,0.000000,0.000000,0.000000,0.000000,0.000000,0.000000,0.000000,0.000000,0.000000,0.000000,0.000000,0.000000,0.000627,0.000000,0.000000,0.000000,0.000000,0.005639,0.003759,0.324561,0.164787,0.007519,0.002506,0.002506,0.002506,0.004386,0.001880,0.002506,0.003133,0.011278,0.018170,0.021930,0.005639,0.007519,0.005013,0.006892,0.006892,0.003759,0.007519,0.008772,0.003759,0.005639,0.001880,0.005013,0.011278,0.002506,0.008145,0.008772,0.009398,0.016291,0.023810,0.028822,0.016291,0.015664,0.013784,0.015038,0.006266,0.009398,0.001253,0.002506,0.063283,0.003133,0.001880,0.003133,0.013158,0.006892,0.003133,0.001880,0.002506,0.003133,0.000000,0.000000,0.000000,0.000000,0.000000,0.000000,0.000000,0.000000,0.052632,0.010025,0.000000,0.000000,0,0,0,0,0,0,0,0,8411,0,0,0,5723,20,2133,10,48,0,16,0,
,,0,10,0.046053,0.000000,9600,1000000,1617,0,100,100,6,,0.000000,1.000000,0.000000,0.000000,0.000000,0.000000,0.000000,0.000000,0.000000,0.000000,0.000000,0.000000,0.000000,0.000000,0.000000,0.000000,0.000000,0.000000,0.000000,0.000000,0.000000,0.000000,0.000000,0.000000,0.000000,0.000000,0.000000,0.000000,0.000000,0.000000,0.000000,0.000000,0.000000,0.000000,0.000000,0.000000,0.000000,0.000000,0.000000,0.000000,0.000000,0.000000,0.000000,0.000000,0.000000,0.000000,0.000000,0.000000,0.000000,0.000000,0.000000,0.000000,0.000000,0.000000,0.000000,0.000000,0.000000,0.000000,0.000000,0.000000,0.000000,0.000000,0.000000,0.000000,0.000000,0.000000,0.000000,0.000000,0.000000,0.000000,0.000000,0.000000,0.000000,0.000000,0.000000,0.000000,0.000000,0.000000,0.000000,0.000000,0.000000,0.000000,0.000000,0.000000,0.000000,0.000000,0.000000,0.000000,0.000000,0.000000,0.000000,0.000000,0.000000,0.000000,0.000000,0.000000,0.000000,0.000000,0.000000,0.000000,0,100,100,38,,0.000000,0.000000,0.000000,0.000000,0.000000,0.000000,0.000000,0.000000,0.000000,0.000000,0.000000,0.000000,0.026316,0.000000,0.000000,0.000000,0.000000,0.000000,0.000000,0.000000,0.000000,0.000000,0.026316,0.000000,0.000000,0.026316,0.000000,0.000000,0.000000,0.000000,0.000000,0.000000,0.000000,0.000000,0.000000,0.000000,0.000000,0.000000,0.000000,0.000000,0.026316,0.000000,0.000000,0.000000,0.000000,0.000000,0.000000,0.000000,0.000000,0.000000,0.000000,0.000000,0.000000,0.000000,0.000000,0.000000,0.000000,0.000000,0.026316,0.000000,0.000000,0.000000,0.026316,0.000000,0.000000,0.000000,0.000000,0.000000,0.000000,0.000000,0.000000,0.000000,0.000000,0.000000,0.000000,0.000000,0.000000,0.000000,0.000000,0.000000,0.000000,0.000000,0.000000,0.000000,0.000000,0.000000,0.000000,0.000000,0.000000,0.000000,0.000000,0.000000,0.000000,0.000000,0.000000,0.000000,0.000000,0.000000,0.000000,0.842105,0.000000,0.000000,0.000000,0.000000,0.000000,0.000000,0.000000,0.000000,0.000000,0.000000,0.000000,0.000000,0.000000,0.000000,0.000000,0.000000,0.000000,0.000000,0.000000,0.000000,0.000000,0.000000,0.000000,0.000000,0.000000,0.000000,0.000000,0.000000,0.000000,0.000000,0.000000,0.000000,0.000000,0.000000,0.003759,0.001880,0.003133,0.049499,0.022556,0.002506,0.002506,0.000627,0.001880,0.027569,0.005639,0.009398,0.010025,0.010025,0.013784,0.018797,0.004386,0.010025,0.013158,0.011278,0.012531,0.008772,0.015664,0.016917,0.007519,0.030702,0.020050,0.017544,0.031955,0.006266,0.021930,0.014411,0.018797,0.016917,0.025063,0.016917,0.027569,0.029449,0.025689,0.037594,0.025063,0.045113,0.046992,0.076441,0.080827,0.006892,0.011905,0.009398,0.004386,0.002506,0.002506,0.000627,0.000627,0.000000,0.000000,0.000000,0.000000,0.000000,0.000000,0.000000,0.000000,0.000000,0.052632,0.009398,0.000000,0.000000,0,0,0,0,0,0,0,0,7398,0,0,0,5771,20,1078,9,42,0,16,0,
,,0,10,0.007246,0.000000,9600,1000000,2579,0,100,100,173,,0.000000,0.670520,0.104046,0.046243,0.011561,0.000000,0.000000,0.005780,0.000000,0.005780,0.011561,0.000000,0.005780,0.000000,0.005780,0.000000,0.005780,0.011561,0.000000,0.011561,0.000000,0.000000,0.000000,0.000000,0.000000,0.000000,0.000000,0.005780,0.000000,0.000000,0.005780,0.000000,0.005780,0.000000,0.005780,0.000000,0.000000,0.000000,0.000000,0.000000,0.011561,0.000000,0.000000,0.000000,0.000000,0.000000,0.000000,0.000000,0.000000,0.000000,0.011561,0.052023,0.000000,0.000000,0.000000,0.000000,0.000000,0.000000,0.000000,0.000000,0.000000,0.000000,0.000000,0.000000,0.000000,0.000000,0.000000,0.000000,0.000000,0.000000,0.000000,0.000000,0.000000,0.000000,0.000000,0.000000,0.000000,0.000000,0.000000,0.000000,0.000000,0.000000,0.000000,0.000000,0.000000,0.000000,0.000000,0.000000,0.000000,0.000000,0.000000,0.000000,0.000000,0.000000,0.000000,0.000000,0.000000,0.000000,0.000000,0,100,100,188,,0.000000,0.441489,0.106383,0.063830,0.047872,0.010638,0.010638,0.000000,0.010638,0.000000,0.000000,0.005319,0.095745,0.037234,0.005319,0.005319,0.005319,0.005319,0.015957,0.010638,0.010638,0.005319,0.000000,0.000000,0.010638,0.005319,0.000000,0.000000,0.000000,0.000000,0.000000,0.000000,0.000000,0.000000,0.000000,0.000000,0.000000,0.000000,0.000000,0.005319,0.000000,0.000000,0.000000,0.000000,0.000000,0.000000,0.000000,0.000000,0.000000,0.000000,0.000000,0.000000,0.000000,0.000000,0.000000,0.000000,0.000000,0.000000,0.000000,0.000000,0.000000,0.000000,0.000000,0.000000,0.000000,0.000000,0.000000,0.000000,0.000000,0.000000,0.000000,0.000000,0.000000,0.000000,0.000000,0.005319,0.000000,0.000000,0.000000,0.000000,0.000000,0.000000,0.000000,0.000000,0.000000,0.000000,0.000000,0.000000,0.000000,0.000000,0.000000,0.000000,0.000000,0.000000,0.000000,0.000000,0.000000,0.000000,0.000000,0.079787,0.000000,0.000000,0.000000,0.000000,0.000000,0.000000,0.000000,0.000000,0.000000,0.000000,0.000000,0.000000,0.000000,0.000000,0.000000,0.000000,0.000000,0.000000,0.000000,0.000000,0.000000,0.000000,0.000000,0.000000,0.000000,0.000627,0.000000,0.000000,0.000000,0.000000,0.000000,0.000000,0.000000,0.000000,0.000000,0.000000,0.000000,0.000000,0.000000,0.000627,0.000000,0.000000,0.001253,0.001253,0.000000,0.000000,0.002506,0.001253,0.003759,0.008772,0.000627,0.004386,0.004386,0.005639,0.006266,0.006892,0.016917,0.013784,0.014411,0.018797,0.020050,0.028822,0.056391,0.022556,0.058897,0.075188,0.083333,0.067669,0.091479,0.064536,0.041353,0.036967,0.028195,0.016917,0.006892,0.011905,0.012531,0.018170,0.048872,0.005013,0.005013,0.003759,0.002506,0.000000,0.001880,0.000627,0.000000,0.000000,0.000000,0.000000,0.000000,0.000000,0.000000,0.000000,0.000000,0.004386,0.068922,0.005013,0.000000,0.000000,0,0,0,0,0,0,0,0,8295,0,0,0,5754,21,1988,12,42,0,17,0,
,,0,10,0.306818,0.000000,9600,1000000,1884,0,100,100,65,,0.000000,0.969231,0.030769,0.000000,0.000000,0.000000,0.000000,0.000000,0.000000,0.000000,0.000000,0.000000,0.000000,0.000000,0.000000,0.000000,0.000000,0.000000,0.000000,0.000000,0.000000,0.000000,0.000000,0.000000,0.000000,0.000000,0.000000,0.000000,0.000000,0.000000,0.000000,0.000000,0.000000,0.000000,0.000000,0.000000,0.000000,0.000000,0.000000,0.000000,0.000000,0.000000,0.000000,0.000000,0.000000,0.000000,0.000000,0.000000,0.000000,0.000000,0.000000,0.000000,0.000000,0.000000,0.000000,0.000000,0.000000,0.000000,0.000000,0.000000,0.000000,0.000000,0.000000,0.000000,0.000000,0.000000,0.000000,0.000000,0.000000,0.000000,0.000000,0.000000,0.000000,0.000000,0.000000,0.000000,0.000000,0.000000,0.000000,0.000000,0.000000,0.000000,0.000000,0.000000,0.000000,0.000000,0.000000,0.000000,0.000000,0.000000,0.000000,0.000000,0.000000,0.000000,0.000000,0.000000,0.000000,0.000000,0.000000,0.000000,0,100,100,77,,0.000000,0.337662,0.000000,0.025974,0.000000,0.000000,0.000000,0.000000,0.000000,0.000000,0.000000,0.000000,0.000000,0.000000,0.000000,0.000000,0.000000,0.000000,0.000000,0.000000,0.000000,0.000000,0.012987,0.000000,0.012987,0.000000,0.012987,0.000000,0.000000,0.000000,0.000000,0.000000,0.000000,0.000000,0.000000,0.000000,0.000000,0.000000,0.000000,0.000000,0.000000,0.000000,0.000000,0.000000,0.000000,0.000000,0.000000,0.000000,0.000000,0.000000,0.000000,0.000000,0.000000,0.000000,0.012987,0.012987,0.000000,0.000000,0.025974,0.012987,0.103896,0.064935,0.012987,0.129870,0.000000,0.012987,0.012987,0.025974,0.000000,0.000000,0.000000,0.000000,0.000000,0.000000,0.000000,0.000000,0.000000,0.000000,0.000000,0.000000,0.000000,0.000000,0.000000,0.000000,0.000000,0.000000,0.000000,0.000000,0.000000,0.012987,0.000000,0.000000,0.000000,0.000000,0.000000,0.000000,0.000000,0.000000,0.000000,0.155844,0.000000,0.000000,0.000000,0.000000,0.000000,0.000000,0.000000,0.000000,0.000000,0.000000,0.000000,0.000000,0.000000,0.000000,0.000000,0.000000,0.000000,0.000000,0.000000,0.000000,0.000000,0.000000,0.000000,0.000000,0.000000,0.000000,0.000000,0.000000,0.000000,0.000000,0.000000,0.000000,0.000000,0.000000,0.000000,0.000000,0.000627,0.021303,0.018797,0.000000,0.000000,0.000000,0.000000,0.000000,0.000000,0.000000,0.000000,0.000000,0.000000,0.000627,0.000000,0.000627,0.000627,0.000627,0.009398,0.033208,0.063283,0.079574,0.059524,0.135965,0.115915,0.085840,0.098371,0.017544,0.022556,0.010025,0.004386,0.005013,0.006892,0.003759,0.008145,0.006266,0.002506,0.005639,0.003759,0.007519,0.014411,0.011905,0.049499,0.004386,0.004386,0.001880,0.001880,0.002506,0.001253,0.001253,0.000000,0.000000,0.000000,0.000000,0.000000,0.000000,0.000000,0.000000,0.000000,0.000000,0.070175,0.008145,0.000000,0.000000,0,0,0,0,0,0,0,0,7742,0,0,0,5834,21,1359,8,42,0,17,0,
,,0,10,0.025499,0.000000,9600,1000000,2047,0,100,100,317,,0.000000,0.602524,0.094637,0.104101,0.018927,0.009464,0.022082,0.009464,0.009464,0.003155,0.006309,0.000000,0.000000,0.003155,0.000000,0.000000,0.000000,0.000000,0.003155,0.006309,0.000000,0.003155,0.000000,0.006309,0.000000,0.000000,0.000000,0.000000,0.000000,0.000000,0.000000,0.003155,0.012618,0.012618,0.000000,0.000000,0.028391,0.006309,0.003155,0.009464,0.009464,0.006309,0.000000,0.003155,0.003155,0.000000,0.000000,0.000000,0.000000,0.000000,0.000000,0.000000,0.000000,0.000000,0.000000,0.000000,0.000000,0.000000,0.000000,0.000000,0.000000,0.000000,0.000000,0.000000,0.000000,0.000000,0.000000,0.000000,0.000000,0.000000,0.000000,0.000000,0.000000,0.000000,0.000000,0.000000,0.000000,0.000000,0.000000,0.000000,0.000000,0.000000,0.000000,0.000000,0.000000,0.000000,0.000000,0.000000,0.000000,0.000000,0.000000,0.000000,0.000000,0.000000,0.000000,0.000000,0.000000,0.000000,0.000000,0.000000,0,100,100,317,,0.000000,0.539432,0.135647,0.022082,0.063091,0.015773,0.012618,0.012618,0.012618,0.000000,0.000000,0.000000,0.006309,0.003155,0.006309,0.003155,0.006309,0.009464,0.003155,0.034700,0.022082,0.012618,0.006309,0.012618,0.006309,0.003155,0.006309,0.000000,0.022082,0.000000,0.006309,0.000000,0.000000,0.000000,0.000000,0.000000,0.000000,0.003155,0.003155,0.003155,0.003155,0.000000,0.003155,0.000000,0.000000,0.000000,0.000000,0.000000,0.000000,0.000000,0.000000,0.000000,0.000000,0.000000,0.000000,0.000000,0.000000,0.000000,0.000000,0.000000,0.000000,0.000000,0.000000,0.000000,0.000000,0.000000,0.000000,0.000000,0.000000,0.000000,0.000000,0.000000,0.000000,0.000000,0.000000,0.000000,0.000000,0.000000,0.000000,0.000000,0.000000,0.000000,0.000000,0.000000,0.000000,0.000000,0.000000,0.000000,0.000000,0.000000,0.000000,0.000000,0.000000,0.000000,0.000000,0.000000,0.000000,0.000000,0.000000,0.000000,0.000000,0.000000,0.000000,0.000000,0.000000,0.000000,0.000000,0.000000,0.000000,0.000000,0.000000,0.000000,0.000000,0.000000,0.000000,0.000000,0.000000,0.000000,0.000000,0.000000,0.000000,0.000000,0.000000,0.000000,0.000000,0.000000,0.000000,0.000000,0.000000,0.000000,0.000000,0.000000,0.000000,0.000627,0.004386,0.002506,0.001253,0.002506,0.000627,0.005013,0.000627,0.001880,0.000627,0.001880,0.000627,0.002506,0.003759,0.004386,0.003759,0.051378,0.021303,0.079574,0.087093,0.107143,0.075188,0.073935,0.048246,0.036967,0.021303,0.022556,0.011278,0.015038,0.015038,0.003759,0.010025,0.010025,0.007519,0.004386,0.013784,0.016917,0.011905,0.013158,0.008145,0.008772,0.006266,0.006266,0.002506,0.016917,0.059524,0.003133,0.000000,0.000000,0.000000,0.001253,0.001253,0.001253,0.003133,0.008772,0.000000,0.000000,0.000000,0.000000,0.000000,0.006892,0.008145,0.000627,0.049499,0.013158,0.000000,0.000000,0,0,0,0,0,0,0,0,9136,0,0,0,5813,20,2773,9,42,0,17,0,
,,0,10,0.063889,0.000000,9600,1000000,1577,0,100,100,51,,0.000000,0.666667,0.019608,0.000000,0.000000,0.000000,0.000000,0.000000,0.000000,0.000000,0.000000,0.019608,0.000000,0.019608,0.000000,0.000000,0.000000,0.000000,0.000000,0.000000,0.000000,0.019608,0.000000,0.000000,0.019608,0.000000,0.000000,0.000000,0.078431,0.058824,0.000000,0.000000,0.019608,0.000000,0.000000,0.019608,0.058824,0.000000,0.000000,0.000000,0.000000,0.000000,0.000000,0.000000,0.000000,0.000000,0.000000,0.000000,0.000000,0.000000,0.000000,0.000000,0.000000,0.000000,0.000000,0.000000,0.000000,0.000000,0.000000,0.000000,0.000000,0.000000,0.000000,0.000000,0.000000,0.000000,0.000000,0.000000,0.000000,0.000000,0.000000,0.000000,0.000000,0.000000,0.000000,0.000000,0.000000,0.000000,0.000000,0.000000,0.000000,0.000000,0.000000,0.000000,0.000000,0.000000,0.000000,0.000000,0.000000,0.000000,0.000000,0.000000,0.000000,0.000000,0.000000,0.000000,0.000000,0.000000,0.000000,0.000000,0,100,100,72,,0.000000,0.097222,0.013889,0.000000,0.013889,0.013889,0.194444,0.000000,0.000000,0.000000,0.000000,0.000000,0.000000,0.027778,0.000000,0.000000,0.000000,0.000000,0.000000,0.000000,0.013889,0.041667,0.055556,0.000000,0.000000,0.000000,0.041667,0.013889,0.027778,0.041667,0.000000,0.000000,0.013889,0.000000,0.000000,0.027778,0.000000,0.000000,0.000000,0.000000,0.000000,0.000000,0.000000,0.000000,0.000000,0.000000,0.000000,0.000000,0.000000,0.000000,0.000000,0.013889,0.000000,0.013889,0.000000,0.000000,0.000000,0.000000,0.000000,0.000000,0.000000,0.000000,0.000000,0.000000,0.000000,0.000000,0.000000,0.000000,0.000000,0.000000,0.000000,0.000000,0.013889,0.000000,0.000000,0.000000,0.000000,0.000000,0.000000,0.000000,0.000000,0.000000,0.013889,0.000000,0.000000,0.000000,0.000000,0.000000,0.000000,0.000000,0.000000,0.013889,0.000000,0.000000,0.000000,0.000000,0.000000,0.000000,0.000000,0.291667,0.000000,0.000000,0.000000,0.000000,0.000000,0.000000,0.000000,0.000000,0.000000,0.000000,0.000000,0.000000,0.000000,0.000000,0.000000,0.000000,0.000000,0.000000,0.000000,0.000000,0.000000,0.000000,0.000000,0.000000,0.000000,0.000000,0.000000,0.000000,0.000000,0.000627,0.000627,0.002506,0.001253,0.000627,0.001880,0.002506,0.011278,0.312657,0.187970,0.005013,0.041980,0.004386,0.001253,0.004386,0.006266,0.001253,0.005639,0.000627,0.002506,0.007519,0.001253,0.002506,0.006266,0.003133,0.003133,0.003133,0.007519,0.008145,0.002506,0.008145,0.008145,0.008145,0.009398,0.005013,0.006266,0.013158,0.003133,0.005639,0.012531,0.017544,0.013784,0.016917,0.018170,0.019424,0.003759,0.010025,0.003133,0.019424,0.056391,0.008145,0.000627,0.000627,0.001253,0.001253,0.002506,0.002506,0.002506,0.003759,0.000000,0.000000,0.000000,0.001880,0.006266,0.007519,0.000000,0.000000,0.055764,0.006892,0.000000,0.000000,0,0,0,0,0,0,0,0,7595,0,0,0,5744,20,1303,9,42,0,17,0,
,,0,10,0.009573,0.000000,9600,1000000,2579,0,100,100,266,,0.000000,0.789474,0.120301,0.030075,0.030075,0.003759,0.000000,0.003759,0.003759,0.000000,0.000000,0.000000,0.000000,0.000000,0.000000,0.000000,0.000000,0.000000,0.000000,0.000000,0.000000,0.000000,0.000000,0.000000,0.000000,0.000000,0.000000,0.000000,0.000000,0.000000,0.000000,0.000000,0.000000,0.000000,0.000000,0.000000,0.000000,0.000000,0.000000,0.000000,0.000000,0.003759,0.000000,0.000000,0.000000,0.000000,0.000000,0.000000,0.000000,0.000000,0.000000,0.000000,0.015038,0.000000,0.000000,0.000000,0.000000,0.000000,0.000000,0.000000,0.000000,0.000000,0.000000,0.000000,0.000000,0.000000,0.000000,0.000000,0.000000,0.000000,0.000000,0.000000,0.000000,0.000000,0.000000,0.000000,0.000000,0.000000,0.000000,0.000000,0.000000,0.000000,0.000000,0.000000,0.000000,0.000000,0.000000,0.000000,0.000000,0.000000,0.000000,0.000000,0.000000,0.000000,0.000000,0.000000,0.000000,0.000000,0.000000,0.000000,0,100,100,283,,0.000000,0.487633,0.091873,0.088339,0.063604,0.007067,0.017668,0.003534,0.007067,0.007067,0.000000,0.000000,0.031802,0.010601,0.014134,0.010601,0.010601,0.014134,0.003534,0.017668,0.010601,0.010601,0.007067,0.000000,0.000000,0.000000,0.000000,0.003534,0.000000,0.000000,0.000000,0.000000,0.000000,0.000000,0.000000,0.000000,0.000000,0.003534,0.000000,0.007067,0.000000,0.000000,0.007067,0.000000,0.007067,0.000000,0.000000,0.000000,0.000000,0.000000,0.000000,0.000000,0.000000,0.000000,0.000000,0.000000,0.000000,0.000000,0.000000,0.000000,0.000000,0.000000,0.000000,0.000000,0.000000,0.000000,0.000000,0.000000,0.000000,0.000000,0.000000,0.000000,0.000000,0.000000,0.000000,0.000000,0.000000,0.000000,0.000000,0.000000,0.000000,0.000000,0.000000,0.000000,0.000000,0.000000,0.000000,0.000000,0.000000,0.000000,0.000000,0.000000,0.000000,0.000000,0.000000,0.000000,0.000000,0.000000,0.000000,0.056537,0.000000,0.000000,0.000000,0.000000,0.000000,0.000000,0.000000,0.000000,0.000000,0.000000,0.000000,0.000000,0.000000,0.000000,0.000000,0.000000,0.000000,0.000000,0.000000,0.000000,0.000000,0.000000,0.000627,0.000000,0.000000,0.000000,0.000000,0.000000,0.000000,0.000000,0.000000,0.000000,0.000000,0.000000,0.000000,0.000000,0.000000,0.000000,0.000000,0.000000,0.000000,0.000000,0.000000,0.000000,0.000000,0.000000,0.000000,0.000627,0.000627,0.003759,0.000000,0.003759,0.000000,0.002506,0.005639,0.006266,0.008772,0.009398,0.005639,0.011278,0.009398,0.014411,0.035088,0.011278,0.035714,0.070175,0.057644,0.055138,0.090226,0.075188,0.065789,0.065789,0.057018,0.035714,0.012531,0.025063,0.018170,0.036341,0.072055,0.005013,0.003133,0.004386,0.002506,0.001880,0.001253,0.003133,0.008145,0.005639,0.000627,0.000000,0.000000,0.000000,0.000000,0.000000,0.000000,0.000000,0.052632,0.010025,0.000000,0.000000,0,0,0,0,0,0,0,0,8804,0,0,0,5734,22,2513,10,48,0,16,0,
,,0,10,0.159091,0.000000,9600,1000000,1658,0,100,100,18,,0.000000,0.888889,0.111111,0.000000,0.000000,0.000000,0.000000,0.000000,0.000000,0.000000,0.000000,0.000000,0.000000,0.000000,0.000000,0.000000,0.000000,0.000000,0.000000,0.000000,0.000000,0.000000,0.000000,0.000000,0.000000,0.000000,0.000000,0.000000,0.000000,0.000000,0.000000,0.000000,0.000000,0.000000,0.000000,0.000000,0.000000,0.000000,0.000000,0.000000,0.000000,0.000000,0.000000,0.000000,0.000000,0.000000,0.000000,0.000000,0.000000,0.000000,0.000000,0.000000,0.000000,0.000000,0.000000,0.000000,0.000000,0.000000,0.000000,0.000000,0.000000,0.000000,0.000000,0.000000,0.000000,0.000000,0.000000,0.000000,0.000000,0.000000,0.000000,0.000000,0.000000,0.000000,0.000000,0.000000,0.000000,0.000000,0.000000,0.000000,0.000000,0.000000,0.000000,0.000000,0.000000,0.000000,0.000000,0.000000,0.000000,0.000000,0.000000,0.000000,0.000000,0.000000,0.000000,0.000000,0.000000,0.000000,0.000000,0.000000,0,100,100,44,,0.000000,0.045455,0.022727,0.000000,0.022727,0.000000,0.000000,0.000000,0.000000,0.000000,0.000000,0.000000,0.000000,0.000000,0.022727,0.000000,0.000000,0.000000,0.000000,0.000000,0.000000,0.000000,0.000000,0.000000,0.000000,0.000000,0.022727,0.000000,0.000000,0.000000,0.000000,0.000000,0.000000,0.000000,0.000000,0.000000,0.000000,0.000000,0.000000,0.000000,0.000000,0.000000,0.000000,0.022727,0.000000,0.000000,0.000000,0.000000,0.000000,0.000000,0.000000,0.000000,0.000000,0.000000,0.000000,0.000000,0.000000,0.000000,0.022727,0.000000,0.022727,0.000000,0.022727,0.113636,0.045455,0.000000,0.000000,0.000000,0.000000,0.000000,0.000000,0.000000,0.000000,0.000000,0.000000,0.000000,0.000000,0.000000,0.000000,0.000000,0.000000,0.000000,0.000000,0.000000,0.000000,0.000000,0.000000,0.000000,0.000000,0.000000,0.000000,0.022727,0.000000,0.000000,0.000000,0.000000,0.000000,0.000000,0.000000,0.590909,0.000000,0.000000,0.000000,0.000000,0.000000,0.000000,0.000000,0.000000,0.000000,0.000000,0.000000,0.000000,0.000000,0.000000,0.000000,0.000000,0.000000,0.000000,0.000000,0.000000,0.000000,0.000627,0.000000,0.000000,0.000000,0.000000,0.000000,0.000000,0.000000,0.000000,0.000627,0.000000,0.000627,0.000627,0.002506,0.002506,0.005013,0.137845,0.223684,0.015038,0.006892,0.007519,0.005639,0.006892,0.006266,0.004386,0.003133,0.007519,0.003759,0.005013,0.001253,0.001253,0.001253,0.002506,0.001253,0.003133,0.015664,0.031328,0.025689,0.059524,0.055138,0.048246,0.064536,0.006266,0.014411,0.006892,0.001880,0.001253,0.008772,0.013158,0.007519,0.008145,0.003133,0.001253,0.000627,0.002506,0.001253,0.005013,0.058271,0.001253,0.000627,0.001880,0.008145,0.008145,0.002506,0.004386,0.005013,0.006892,0.000627,0.000000,0.000000,0.000000,0.000000,0.000000,0.000000,0.000000,0.055764,0.007519,0.000000,0.000000,0,0,0,0,0,0,0,0,7447,0,0,0,5771,20,1128,9,43,0,16,0,
,,0,10,0.032700,0.000000,9600,1000000,2416,0,100,100,174,,0.000000,0.287356,0.063218,0.000000,0.017241,0.011494,0.011494,0.005747,0.011494,0.051724,0.040230,0.028736,0.028736,0.011494,0.011494,0.011494,0.011494,0.005747,0.000000,0.000000,0.011494,0.005747,0.005747,0.005747,0.005747,0.005747,0.000000,0.000000,0.000000,0.000000,0.040230,0.034483,0.011494,0.000000,0.000000,0.000000,0.000000,0.000000,0.000000,0.000000,0.000000,0.000000,0.011494,0.000000,0.005747,0.000000,0.011494,0.005747,0.000000,0.005747,0.000000,0.000000,0.097701,0.000000,0.000000,0.000000,0.000000,0.000000,0.000000,0.000000,0.000000,0.000000,0.000000,0.000000,0.000000,0.000000,0.000000,0.000000,0.000000,0.000000,0.000000,0.000000,0.000000,0.000000,0.000000,0.000000,0.000000,0.000000,0.000000,0.000000,0.000000,0.000000,0.000000,0.000000,0.000000,0.000000,0.000000,0.000000,0.000000,0.000000,0.000000,0.000000,0.000000,0.000000,0.000000,0.000000,0.000000,0.000000,0.000000,0.000000,0,100,100,173,,0.000000,0.450867,0.075145,0.023121,0.017341,0.023121,0.052023,0.017341,0.017341,0.005780,0.000000,0.000000,0.265896,0.005780,0.000000,0.005780,0.005780,0.005780,0.005780,0.000000,0.023121,0.000000,0.000000,0.000000,0.000000,0.000000,0.000000,0.000000,0.000000,0.000000,0.000000,0.000000,0.000000,0.000000,0.000000,0.000000,0.000000,0.000000,0.000000,0.000000,0.000000,0.000000,0.000000,0.000000,0.000000,0.000000,0.000000,0.000000,0.000000,0.000000,0.000000,0.000000,0.000000,0.000000,0.000000,0.000000,0.000000,0.000000,0.000000,0.000000,0.000000,0.000000,0.000000,0.000000,0.000000,0.000000,0.000000,0.000000,0.000000,0.000000,0.000000,0.000000,0.000000,0.000000,0.000000,0.000000,0.000000,0.000000,0.000000,0.000000,0.000000,0.000000,0.000000,0.000000,0.000000,0.000000,0.000000,0.000000,0.000000,0.000000,0.000000,0.000000,0.000000,0.000000,0.000000,0.000000,0.000000,0.000000,0.000000,0.000000,0.000000,0.000000,0.000000,0.000000,0.000000,0.000000,0.000000,0.000000,0.000000,0.000000,0.000000,0.000000,0.000000,0.000000,0.000000,0.000000,0.000000,0.000000,0.000000,0.000000,0.000000,0.000000,0.000627,0.000000,0.000000,0.000000,0.000000,0.000000,0.000000,0.000000,0.000000,0.000000,0.000000,0.000000,0.000627,0.001880,0.000627,0.000627,0.001253,0.002506,0.001253,0.003133,0.000627,0.004386,0.001253,0.002506,0.003759,0.000000,0.001880,0.007519,0.003133,0.021303,0.043233,0.076441,0.083960,0.103383,0.107769,0.092105,0.053258,0.044486,0.020050,0.016917,0.020677,0.006266,0.012531,0.011905,0.009398,0.010025,0.013158,0.006266,0.004386,0.006892,0.008145,0.005639,0.004386,0.005639,0.003133,0.007519,0.064536,0.003133,0.003759,0.003133,0.003133,0.002506,0.002506,0.006266,0.005013,0.006266,0.000627,0.000000,0.000000,0.000000,0.000000,0.000000,0.000000,0.000000,0.053258,0.009398,0.000000,0.000000,0,0,0,0,0,0,0,0,8316,0,0,0,5800,21,1966,9,42,0,17,0,
,,0,10,0.094007,0.000000,9600,1000000,1577,0,100,100,178,,0.000000,0.382022,0.106742,0.033708,0.028090,0.056180,0.033708,0.033708,0.011236,0.011236,0.022472,0.005618,0.005618,0.022472,0.000000,0.005618,0.005618,0.005618,0.005618,0.005618,0.000000,0.005618,0.011236,0.000000,0.000000,0.011236,0.000000,0.000000,0.084270,0.000000,0.000000,0.000000,0.000000,0.000000,0.000000,0.005618,0.095506,0.005618,0.000000,0.000000,0.000000,0.000000,0.000000,0.000000,0.000000,0.000000,0.000000,0.000000,0.000000,0.000000,0.000000,0.000000,0.000000,0.000000,0.000000,0.000000,0.000000,0.000000,0.000000,0.000000,0.000000,0.000000,0.000000,0.000000,0.000000,0.000000,0.000000,0.000000,0.000000,0.000000,0.000000,0.000000,0.000000,0.000000,0.000000,0.000000,0.000000,0.000000,0.000000,0.000000,0.000000,0.000000,0.000000,0.000000,0.000000,0.000000,0.000000,0.000000,0.000000,0.000000,0.000000,0.000000,0.000000,0.000000,0.000000,0.000000,0.000000,0.000000,0.000000,0.000000,0,100,100,178,,0.000000,0.258427,0.084270,0.067416,0.028090,0.056180,0.050562,0.101124,0.016854,0.005618,0.005618,0.000000,0.005618,0.005618,0.000000,0.000000,0.000000,0.000000,0.000000,0.000000,0.022472,0.033708,0.039326,0.000000,0.022472,0.016854,0.016854,0.016854,0.129213,0.011236,0.000000,0.000000,0.000000,0.000000,0.000000,0.000000,0.005618,0.000000,0.000000,0.000000,0.000000,0.000000,0.000000,0.000000,0.000000,0.000000,0.000000,0.000000,0.000000,0.000000,0.000000,0.000000,0.000000,0.000000,0.000000,0.000000,0.000000,0.000000,0.000000,0.000000,0.000000,0.000000,0.000000,0.000000,0.000000,0.000000,0.000000,0.000000,0.000000,0.000000,0.000000,0.000000,0.000000,0.000000,0.000000,0.000000,0.000000,0.000000,0.000000,0.000000,0.000000,0.000000,0.000000,0.000000,0.000000,0.000000,0.000000,0.000000,0.000000,0.000000,0.000000,0.000000,0.000000,0.000000,0.000000,0.000000,0.000000,0.000000,0.000000,0.000000,0.000000,0.000000,0.000000,0.000000,0.000000,0.000000,0.000000,0.000000,0.000000,0.000000,0.000000,0.000000,0.000000,0.000000,0.000000,0.000000,0.000000,0.000000,0.000000,0.000000,0.000000,0.000000,0.000000,0.000000,0.000000,0.000000,0.000000,0.000000,0.000000,0.000000,0.000000,0.000627,0.000627,0.000627,0.003133,0.003133,0.006266,0.323308,0.184837,0.003759,0.005013,0.003759,0.001880,0.004386,0.000627,0.001253,0.003133,0.007519,0.009398,0.014411,0.001880,0.008145,0.004386,0.005013,0.006266,0.005013,0.005013,0.004386,0.003133,0.008772,0.007519,0.003759,0.010025,0.003133,0.007519,0.010025,0.010025,0.009398,0.027569,0.026316,0.025063,0.015038,0.011278,0.013158,0.013784,0.006892,0.002506,0.005639,0.058897,0.003759,0.001880,0.001880,0.001253,0.002506,0.001880,0.001880,0.004386,0.005013,0.000000,0.000627,0.007519,0.006266,0.001253,0.000000,0.000000,0.000000,0.057018,0.005639,0.000000,0.000000,0,0,0,0,0,0,0,0,8275,0,0,0,5745,19,1982,10,42,0,17,0,
,,0,10,0.049300,0.000000,9600,1000000,2866,0,100,100,383,,0.000000,0.368146,0.125326,0.073107,0.122715,0.046997,0.062663,0.020888,0.020888,0.028721,0.018277,0.020888,0.015666,0.020888,0.020888,0.013055,0.002611,0.007833,0.002611,0.002611,0.005222,0.000000,0.000000,0.000000,0.000000,0.000000,0.000000,0.000000,0.000000,0.000000,0.000000,0.000000,0.000000,0.000000,0.000000,0.000000,0.000000,0.000000,0.000000,0.000000,0.000000,0.000000,0.000000,0.000000,0.000000,0.000000,0.000000,0.000000,0.000000,0.000000,0.000000,0.000000,0.000000,0.000000,0.000000,0.000000,0.000000,0.000000,0.000000,0.000000,0.000000,0.000000,0.000000,0.000000,0.000000,0.000000,0.000000,0.000000,0.000000,0.000000,0.000000,0.000000,0.000000,0.000000,0.000000,0.000000,0.000000,0.000000,0.000000,0.000000,0.000000,0.000000,0.000000,0.000000,0.000000,0.000000,0.000000,0.000000,0.000000,0.000000,0.000000,0.000000,0.000000,0.000000,0.000000,0.000000,0.000000,0.000000,0.000000,0.000000,0,100,100,389,,0.000000,0.750643,0.069409,0.030848,0.007712,0.000000,0.002571,0.002571,0.012853,0.000000,0.000000,0.000000,0.077121,0.010283,0.005141,0.000000,0.000000,0.000000,0.000000,0.000000,0.000000,0.002571,0.000000,0.000000,0.000000,0.002571,0.000000,0.000000,0.000000,0.000000,0.000000,0.000000,0.000000,0.000000,0.000000,0.000000,0.000000,0.000000,0.000000,0.000000,0.000000,0.000000,0.000000,0.000000,0.000000,0.000000,0.000000,0.000000,0.000000,0.000000,0.000000,0.000000,0.000000,0.000000,0.000000,0.000000,0.000000,0.000000,0.000000,0.000000,0.000000,0.000000,0.000000,0.005141,0.000000,0.000000,0.000000,0.000000,0.000000,0.000000,0.000000,0.000000,0.000000,0.000000,0.000000,0.000000,0.000000,0.000000,0.000000,0.000000,0.000000,0.000000,0.000000,0.000000,0.000000,0.000000,0.000000,0.000000,0.000000,0.000000,0.000000,0.002571,0.000000,0.000000,0.000000,0.000000,0.000000,0.000000,0.000000,0.017995,0.000000,0.000000,0.000000,0.000000,0.000000,0.000000,0.000000,0.000000,0.000000,0.000000,0.000000,0.000000,0.000000,0.000000,0.000000,0.000000,0.000000,0.000000,0.000000,0.000000,0.000000,0.000000,0.000000,0.000000,0.000000,0.000000,0.000627,0.000000,0.000000,0.000000,0.000000,0.000000,0.000000,0.000000,0.000627,0.000000,0.000627,0.000000,0.000000,0.000627,0.000627,0.000627,0.000627,0.000000,0.001253,0.003133,0.007519,0.002506,0.005013,0.008772,0.001880,0.004386,0.005013,0.007519,0.005013,0.005013,0.008772,0.006266,0.008145,0.014411,0.007519,0.009398,0.015664,0.005013,0.012531,0.015038,0.015664,0.013158,0.058271,0.059524,0.048246,0.059524,0.055138,0.029449,0.016917,0.042607,0.077694,0.174812,0.090226,0.000000,0.000627,0.000627,0.000627,0.000627,0.001253,0.002506,0.003759,0.006266,0.000000,0.000000,0.000000,0.000000,0.000000,0.000000,0.000000,0.000000,0.076441,0.001880,0.000000,0.000000,0,0,0,0,0,0,0,0,9448,0,0,0,5734,22,3165,8,42,0,17,0,
,,0,10,0.109375,0.000000,9600,1000000,1638,0,100,100,11,,0.000000,1.000000,0.000000,0.000000,0.000000,0.000000,0.000000,0.000000,0.000000,0.000000,0.000000,0.000000,0.000000,0.000000,0.000000,0.000000,0.000000,0.000000,0.000000,0.000000,0.000000,0.000000,0.000000,0.000000,0.000000,0.000000,0.000000,0.000000,0.000000,0.000000,0.000000,0.000000,0.000000,0.000000,0.000000,0.000000,0.000000,0.000000,0.000000,0.000000,0.000000,0.000000,0.000000,0.000000,0.000000,0.000000,0.000000,0.000000,0.000000,0.000000,0.000000,0.000000,0.000000,0.000000,0.000000,0.000000,0.000000,0.000000,0.000000,0.000000,0.000000,0.000000,0.000000,0.000000,0.000000,0.000000,0.000000,0.000000,0.000000,0.000000,0.000000,0.000000,0.000000,0.000000,0.000000,0.000000,0.000000,0.000000,0.000000,0.000000,0.000000,0.000000,0.000000,0.000000,0.000000,0.000000,0.000000,0.000000,0.000000,0.000000,0.000000,0.000000,0.000000,0.000000,0.000000,0.000000,0.000000,0.000000,0.000000,0.000000,0,100,100,40,,0.000000,0.050000,0.000000,0.000000,0.025000,0.000000,0.000000,0.000000,0.000000,0.000000,0.000000,0.000000,0.000000,0.000000,0.000000,0.000000,0.000000,0.000000,0.000000,0.000000,0.000000,0.000000,0.000000,0.000000,0.000000,0.000000,0.000000,0.000000,0.000000,0.000000,0.000000,0.000000,0.000000,0.000000,0.000000,0.000000,0.000000,0.000000,0.000000,0.000000,0.000000,0.000000,0.000000,0.000000,0.000000,0.000000,0.000000,0.000000,0.000000,0.000000,0.000000,0.000000,0.000000,0.000000,0.000000,0.025000,0.000000,0.000000,0.050000,0.000000,0.000000,0.000000,0.075000,0.000000,0.000000,0.025000,0.000000,0.000000,0.000000,0.000000,0.000000,0.000000,0.000000,0.000000,0.000000,0.000000,0.000000,0.000000,0.000000,0.000000,0.000000,0.000000,0.000000,0.000000,0.025000,0.000000,0.000000,0.000000,0.000000,0.000000,0.000000,0.000000,0.000000,0.000000,0.000000,0.000000,0.000000,0.000000,0.000000,0.725000,0.000000,0.000000,0.000000,0.000627,0.000000,0.000000,0.000000,0.000000,0.000000,0.000000,0.000000,0.000000,0.000000,0.000000,0.000000,0.000000,0.000000,0.000000,0.000000,0.000000,0.000000,0.000000,0.000000,0.000000,0.000000,0.000000,0.000000,0.000000,0.000000,0.000627,0.000000,0.001880,0.003759,0.002506,0.007519,0.003759,0.008145,0.222431,0.110902,0.005013,0.005639,0.005639,0.001880,0.003133,0.003759,0.005639,0.006892,0.001253,0.003133,0.008145,0.001253,0.004386,0.002506,0.001880,0.000627,0.005013,0.021303,0.040727,0.030702,0.065163,0.048246,0.061404,0.064536,0.005013,0.010652,0.003133,0.003759,0.005013,0.007519,0.005013,0.003759,0.009398,0.003759,0.006266,0.002506,0.007519,0.008145,0.028822,0.031328,0.005639,0.006266,0.002506,0.001880,0.001253,0.001253,0.000000,0.001253,0.000000,0.000000,0.000000,0.000000,0.000000,0.000000,0.000000,0.000000,0.007519,0.070802,0.000000,0.000000,0.000000,0,0,0,0,0,0,0,0,7425,0,0,0,5779,20,1098,8,43,0,16,0,
,,0,10,0.032472,0.000000,9600,1000000,2334,0,100,100,216,,0.000000,0.398148,0.055556,0.032407,0.027778,0.013889,0.018519,0.023148,0.009259,0.009259,0.013889,0.004630,0.013889,0.013889,0.013889,0.004630,0.000000,0.004630,0.000000,0.000000,0.004630,0.000000,0.004630,0.000000,0.000000,0.000000,0.004630,0.004630,0.018519,0.027778,0.013889,0.000000,0.004630,0.000000,0.000000,0.000000,0.004630,0.000000,0.000000,0.000000,0.000000,0.000000,0.000000,0.000000,0.000000,0.004630,0.004630,0.000000,0.004630,0.004630,0.083333,0.000000,0.000000,0.000000,0.000000,0.000000,0.000000,0.000000,0.000000,0.000000,0.000000,0.000000,0.000000,0.000000,0.000000,0.000000,0.000000,0.000000,0.000000,0.000000,0.000000,0.000000,0.000000,0.000000,0.000000,0.000000,0.000000,0.000000,0.000000,0.000000,0.000000,0.000000,0.000000,0.000000,0.000000,0.000000,0.000000,0.000000,0.000000,0.000000,0.000000,0.000000,0.000000,0.000000,0.000000,0.000000,0.000000,0.000000,0,100,100,215,,0.000000,0.544186,0.065116,0.023256,0.013953,0.013953,0.027907,0.013953,0.027907,0.000000,0.013953,0.000000,0.167442,0.041860,0.004651,0.004651,0.004651,0.004651,0.000000,0.027907,0.000000,0.000000,0.000000,0.000000,0.000000,0.000000,0.000000,0.000000,0.000000,0.000000,0.000000,0.000000,0.000000,0.000000,0.000000,0.000000,0.000000,0.000000,0.000000,0.000000,0.000000,0.000000,0.000000,0.000000,0.000000,0.000000,0.000000,0.000000,0.000000,0.000000,0.000000,0.000000,0.000000,0.000000,0.000000,0.000000,0.000000,0.000000,0.000000,0.000000,0.000000,0.000000,0.000000,0.000000,0.000000,0.000000,0.000000,0.000000,0.000000,0.000000,0.000000,0.000000,0.000000,0.000000,0.000000,0.000000,0.000000,0.000000,0.000000,0.000000,0.000000,0.000000,0.000000,0.000000,0.000000,0.000000,0.000000,0.000000,0.000000,0.000000,0.000000,0.000000,0.000000,0.000000,0.000000,0.000000,0.000000,0.000000,0.000000,0.000000,0.000000,0.000000,0.000000,0.000000,0.000000,0.000000,0.000000,0.000000,0.000000,0.000000,0.000000,0.000000,0.000000,0.000000,0.000000,0.000000,0.000000,0.000000,0.000000,0.000000,0.000000,0.000627,0.000000,0.000000,0.000000,0.000000,0.000000,0.000000,0.000000,0.000000,0.000000,0.000000,0.000000,0.000627,0.002506,0.000627,0.000000,0.001253,0.000000,0.001880,0.001880,0.001253,0.001253,0.002506,0.004386,0.001880,0.002506,0.001880,0.001253,0.006892,0.004386,0.030702,0.046366,0.075815,0.094612,0.110276,0.094612,0.084586,0.036967,0.041980,0.023810,0.019424,0.024436,0.003133,0.013158,0.015038,0.006892,0.008772,0.012531,0.010652,0.016291,0.008145,0.006266,0.008772,0.003133,0.005013,0.003759,0.019424,0.044486,0.001253,0.001880,0.001880,0.001253,0.002506,0.001253,0.001880,0.001253,0.001880,0.000000,0.000000,0.000000,0.000000,0.000000,0.000000,0.000000,0.001253,0.075815,0.001253,0.000000,0.000000,0,0,0,0,0,0,0,0,8561,0,0,0,5808,21,2197,16,42,0,17,0,
,,0,10,0.014216,0.000000,9600,1000000,2047,0,100,100,510,,0.000000,0.792157,0.137255,0.019608,0.039216,0.001961,0.009804,0.000000,0.000000,0.000000,0.000000,0.000000,0.000000,0.000000,0.000000,0.000000,0.000000,0.000000,0.000000,0.000000,0.000000,0.000000,0.000000,0.000000,0.000000,0.000000,0.000000,0.000000,0.000000,0.000000,0.000000,0.000000,0.000000,0.000000,0.000000,0.000000,0.000000,0.000000,0.000000,0.000000,0.000000,0.000000,0.000000,0.000000,0.000000,0.000000,0.000000,0.000000,0.000000,0.000000,0.000000,0.000000,0.000000,0.000000,0.000000,0.000000,0.000000,0.000000,0.000000,0.000000,0.000000,0.000000,0.000000,0.000000,0.000000,0.000000,0.000000,0.000000,0.000000,0.000000,0.000000,0.000000,0.000000,0.000000,0.000000,0.000000,0.000000,0.000000,0.000000,0.000000,0.000000,0.000000,0.000000,0.000000,0.000000,0.000000,0.000000,0.000000,0.000000,0.000000,0.000000,0.000000,0.000000,0.000000,0.000000,0.000000,0.000000,0.000000,0.000000,0.000000,0,100,100,510,,0.000000,0.578431,0.084314,0.027451,0.045098,0.021569,0.013725,0.003922,0.005882,0.000000,0.003922,0.001961,0.001961,0.011765,0.003922,0.017647,0.025490,0.025490,0.005882,0.011765,0.027451,0.003922,0.003922,0.003922,0.000000,0.015686,0.029412,0.019608,0.003922,0.001961,0.000000,0.000000,0.000000,0.000000,0.000000,0.000000,0.000000,0.000000,0.000000,0.000000,0.000000,0.000000,0.000000,0.000000,0.000000,0.000000,0.000000,0.000000,0.000000,0.000000,0.000000,0.000000,0.000000,0.000000,0.000000,0.000000,0.000000,0.000000,0.000000,0.000000,0.000000,0.000000,0.000000,0.000000,0.000000,0.000000,0.000000,0.000000,0.000000,0.000000,0.000000,0.000000,0.000000,0.000000,0.000000,0.000000,0.000000,0.000000,0.000000,0.000000,0.000000,0.000000,0.000000,0.000000,0.000000,0.000000,0.000000,0.000000,0.000000,0.000000,0.000000,0.000000,0.000000,0.000000,0.000000,0.000000,0.000000,0.000000,0.000000,0.000000,0.000000,0.000000,0.000000,0.000000,0.000000,0.000000,0.000000,0.000000,0.000000,0.000000,0.000000,0.000000,0.000000,0.000000,0.000000,0.000000,0.000000,0.000000,0.000000,0.000000,0.000000,0.000000,0.000000,0.000000,0.000000,0.000000,0.000000,0.000000,0.000000,0.000000,0.000000,0.000000,0.000000,0.000000,0.002506,0.000627,0.000627,0.003759,0.003133,0.006266,0.005013,0.006266,0.005013,0.011278,0.010025,0.015038,0.021930,0.027569,0.029449,0.053258,0.012531,0.035714,0.036967,0.030702,0.031955,0.033835,0.026316,0.031328,0.020050,0.021930,0.029449,0.021930,0.040727,0.011278,0.029449,0.021303,0.030075,0.010652,0.033835,0.025063,0.023183,0.022556,0.020050,0.013784,0.003759,0.010652,0.003759,0.054511,0.011905,0.000627,0.001880,0.001253,0.000627,0.001880,0.001880,0.002506,0.007519,0.001880,0.000627,0.000000,0.000000,0.000000,0.000000,0.000000,0.000000,0.005639,0.072055,0.000627,0.000000,0.000000,0,0,0,0,0,0,0,0,10222,0,0,0,5813,21,3861,9,43,0,16,0,
,,0,10,0.038633,0.000000,9600,1000000,1965,0,100,100,102,,0.000000,0.235294,0.078431,0.254902,0.019608,0.039216,0.019608,0.029412,0.029412,0.009804,0.019608,0.000000,0.000000,0.000000,0.009804,0.019608,0.000000,0.000000,0.000000,0.039216,0.019608,0.000000,0.000000,0.000000,0.000000,0.000000,0.000000,0.000000,0.000000,0.000000,0.000000,0.000000,0.009804,0.000000,0.000000,0.000000,0.000000,0.000000,0.000000,0.000000,0.000000,0.009804,0.000000,0.000000,0.000000,0.000000,0.029412,0.000000,0.000000,0.000000,0.000000,0.000000,0.000000,0.000000,0.000000,0.000000,0.000000,0.000000,0.000000,0.000000,0.000000,0.000000,0.000000,0.000000,0.000000,0.000000,0.000000,0.000000,0.000000,0.000000,0.000000,0.000000,0.000000,0.000000,0.000000,0.000000,0.000000,0.000000,0.000000,0.000000,0.000000,0.000000,0.000000,0.000000,0.000000,0.000000,0.000000,0.000000,0.000000,0.000000,0.000000,0.000000,0.000000,0.000000,0,100,100,122,,0.000000,0.368852,0.122951,0.098361,0.032787,0.008197,0.000000,0.000000,0.000000,0.000000,0.008197,0.000000,0.049180,0.106557,0.000000,0.000000,0.000000,0.000000,0.000000,0.000000,0.000000,0.000000,0.000000,0.000000,0.000000,0.000000,0.000000,0.000000,0.008197,0.000000,0.000000,0.000000,0.000000,0.000000,0.000000,0.000000,0.000000,0.000000,0.000000,0.000000,0.000000,0.008197,0.000000,0.000000,0.000000,0.000000,0.000000,0.000000,0.000000,0.000000,0.000000,0.000000,0.000000,0.008197,0.000000,0.000000,0.000000,0.000000,0.008197,0.000000,0.000000,0.000000,0.000000,0.000000,0.000000,0.000000,0.000000,0.000000,0.000000,0.000000,0.000000,0.000000,0.000000,0.000000,0.000000,0.000000,0.008197,0.000000,0.000000,0.000000,0.000000,0.000000,0.000000,0.000000,0.000000,0.000000,0.000000,0.000000,0.000000,0.000000,0.000000,0.000000,0.000000,0.000000,0.000000,0.000000,0.000000,0.000000,0.000000,0.163934,0.000000,0.000000,0.000000,0.000627,0.000000,0.000000,0.000000,0.000000,0.000000,0.000000,0.000000,0.000000,0.000000,0.000000,0.000000,0.000000,0.000000,0.000000,0.000000,0.000000,0.000000,0.000000,0.000000,0.000000,0.000000,0.000000,0.000000,0.000000,0.000000,0.000000,0.000000,0.000000,0.000000,0.000000,0.000000,0.000000,0.000000,0.000000,0.000000,0.000000,0.000000,0.000000,0.002506,0.026942,0.000000,0.000000,0.000627,0.000000,0.000000,0.000000,0.000000,0.000000,0.000000,0.002506,0.001253,0.000627,0.001253,0.001880,0.000627,0.004386,0.005639,0.004386,0.014411,0.005639,0.007519,0.006892,0.004386,0.003759,0.006266,0.008772,0.003759,0.003759,0.001880,0.000627,0.000627,0.001253,0.004386,0.413534,0.362155,0.001880,0.001880,0.000627,0.001253,0.001253,0.001253,0.003133,0.008145,0.008772,0.005639,0.000627,0.000000,0.000000,0.000000,0.000000,0.000000,0.001253,0.061404,0.000000,0.000000,0.000000,0,0,0,0,0,0,0,0,7898,0,0,0,5754,21,1594,9,43,0,16,0,
,,0,10,0.059122,0.000000,9600,1000000,1577,0,100,100,49,,0.000000,1.000000,0.000000,0.000000,0.000000,0.000000,0.000000,0.000000,0.000000,0.000000,0.000000,0.000000,0.000000,0.000000,0.000000,0.000000,0.000000,0.000000,0.000000,0.000000,0.000000,0.000000,0.000000,0.000000,0.000000,0.000000,0.000000,0.000000,0.000000,0.000000,0.000000,0.000000,0.000000,0.000000,0.000000,0.000000,0.000000,0.000000,0.000000,0.000000,0.000000,0.000000,0.000000,0.000000,0.000000,0.000000,0.000000,0.000000,0.000000,0.000000,0.000000,0.000000,0.000000,0.000000,0.000000,0.000000,0.000000,0.000000,0.000000,0.000000,0.000000,0.000000,0.000000,0.000000,0.000000,0.000000,0.000000,0.000000,0.000000,0.000000,0.000000,0.000000,0.000000,0.000000,0.000000,0.000000,0.000000,0.000000,0.000000,0.000000,0.000000,0.000000,0.000000,0.000000,0.000000,0.000000,0.000000,0.000000,0.000000,0.000000,0.000000,0.000000,0.000000,0.000000,0.000000,0.000000,0.000000,0.000000,0.000000,0.000000,0,100,100,74,,0.000000,0.270270,0.135135,0.000000,0.027027,0.000000,0.000000,0.000000,0.000000,0.000000,0.000000,0.000000,0.000000,0.000000,0.000000,0.000000,0.000000,0.000000,0.013514,0.000000,0.000000,0.000000,0.000000,0.000000,0.000000,0.000000,0.013514,0.000000,0.000000,0.000000,0.000000,0.000000,0.000000,0.000000,0.000000,0.000000,0.000000,0.013514,0.013514,0.000000,0.000000,0.000000,0.000000,0.000000,0.000000,0.000000,0.000000,0.000000,0.000000,0.000000,0.000000,0.013514,0.000000,0.000000,0.000000,0.027027,0.054054,0.040541,0.013514,0.000000,0.000000,0.013514,0.000000,0.000000,0.000000,0.000000,0.000000,0.000000,0.000000,0.000000,0.000000,0.000000,0.000000,0.000000,0.000000,0.000000,0.000000,0.000000,0.000000,0.000000,0.000000,0.000000,0.000000,0.000000,0.000000,0.000000,0.000000,0.000000,0.000000,0.000000,0.000000,0.000000,0.000000,0.000000,0.000000,0.000000,0.013514,0.000000,0.000000,0.337838,0.000000,0.000000,0.000000,0.000627,0.000000,0.000000,0.000000,0.000000,0.000000,0.000000,0.000000,0.000000,0.000000,0.000000,0.000000,0.000000,0.000000,0.000000,0.000000,0.000000,0.000000,0.000000,0.000000,0.000000,0.000000,0.000000,0.000000,0.000000,0.000000,0.000000,0.000000,0.000627,0.000000,0.000627,0.002506,0.004386,0.025063,0.157268,0.023183,0.013158,0.021303,0.056391,0.010025,0.011905,0.003759,0.003759,0.001880,0.003133,0.003759,0.002506,0.000000,0.041353,0.051378,0.052632,0.062030,0.008145,0.013158,0.026316,0.016291,0.053258,0.033835,0.041353,0.028195,0.003133,0.011278,0.003133,0.000627,0.002506,0.014411,0.011905,0.003133,0.003133,0.002506,0.001253,0.000627,0.002506,0.001253,0.048872,0.012531,0.000627,0.010025,0.007519,0.001253,0.001253,0.003759,0.007519,0.007519,0.001253,0.000000,0.000000,0.000000,0.000000,0.000000,0.000000,0.000000,0.008772,0.053885,0.000000,0.000000,0.000000,0,0,0,0,0,0,0,0,7629,0,0,0,5782,19,1300,8,43,0,16,0,
,,0,10,0.047407,0.000000,9600,1000000,2579,0,100,100,450,,0.000000,0.506667,0.135556,0.088889,0.037778,0.017778,0.015556,0.008889,0.013333,0.044444,0.011111,0.008889,0.017778,0.004444,0.004444,0.000000,0.000000,0.000000,0.000000,0.000000,0.000000,0.000000,0.000000,0.000000,0.000000,0.000000,0.000000,0.000000,0.000000,0.000000,0.000000,0.000000,0.000000,0.000000,0.000000,0.000000,0.000000,0.000000,0.000000,0.000000,0.000000,0.000000,0.000000,0.000000,0.000000,0.000000,0.000000,0.000000,0.000000,0.000000,0.000000,0.000000,0.000000,0.000000,0.000000,0.000000,0.000000,0.000000,0.000000,0.000000,0.000000,0.000000,0.000000,0.000000,0.000000,0.000000,0.000000,0.000000,0.000000,0.000000,0.000000,0.000000,0.000000,0.000000,0.000000,0.000000,0.000000,0.000000,0.000000,0.000000,0.000000,0.000000,0.000000,0.000000,0.000000,0.000000,0.000000,0.000000,0.000000,0.000000,0.000000,0.000000,0.000000,0.000000,0.000000,0.000000,0,100,100,450,,0.000000,0.435556,0.106667,0.084444,0.046667,0.051111,0.055556,0.026667,0.028889,0.015556,0.006667,0.013333,0.091111,0.008889,0.011111,0.002222,0.006667,0.002222,0.000000,0.000000,0.002222,0.000000,0.000000,0.000000,0.002222,0.000000,0.002222,0.000000,0.000000,0.000000,0.000000,0.000000,0.000000,0.000000,0.000000,0.000000,0.000000,0.000000,0.000000,0.000000,0.000000,0.000000,0.000000,0.000000,0.000000,0.000000,0.000000,0.000000,0.000000,0.000000,0.000000,0.000000,0.000000,0.000000,0.000000,0.000000,0.000000,0.000000,0.000000,0.000000,0.000000,0.000000,0.000000,0.000000,0.000000,0.000000,0.000000,0.000000,0.000000,0.000000,0.000000,0.000000,0.000000,0.000000,0.000000,0.000000,0.000000,0.000000,0.000000,0.000000,0.000000,0.000000,0.000000,0.000000,0.000000,0.000000,0.000000,0.000000,0.000000,0.000000,0.000000,0.000000,0.000000,0.000000,0.000000,0.000000,0.000000,0.000000,0.000000,0.000000,0.000000,0.000000,0.000000,0.000000,0.000000,0.000000,0.000000,0.000000,0.000000,0.000000,0.000000,0.000000,0.000000,0.000000,0.000000,0.000000,0.000000,0.000000,0.000000,0.000000,0.000000,0.000000,0.000000,0.000000,0.000000,0.000000,0.000000,0.000000,0.000000,0.000000,0.000000,0.000000,0.000000,0.000000,0.000000,0.001880,0.010025,0.005013,0.005639,0.006266,0.004386,0.001880,0.004386,0.011278,0.005013,0.002506,0.002506,0.000627,0.000000,0.004386,0.001880,0.007519,0.008772,0.008772,0.003133,0.008145,0.016917,0.020050,0.009398,0.010652,0.015038,0.010652,0.035088,0.003133,0.018797,0.019424,0.020050,0.016917,0.015038,0.005013,0.005013,0.006266,0.004386,0.009398,0.004386,0.006266,0.006892,0.483709,0.048872,0.003133,0.006892,0.006266,0.002506,0.004386,0.000627,0.001880,0.000627,0.000000,0.000000,0.000000,0.000000,0.003759,0.010025,0.001880,0.000000,0.004386,0.058271,0.000000,0.000000,0.000000,0,0,0,0,0,0,0,0,9848,0,0,0,5770,21,3529,9,42,0,16,0,
,,0,10,0.014853,0.000000,9600,1000000,2047,0,100,100,533,,0.000000,0.857411,0.086304,0.007505,0.045028,0.000000,0.003752,0.000000,0.000000,0.000000,0.000000,0.000000,0.000000,0.000000,0.000000,0.000000,0.000000,0.000000,0.000000,0.000000,0.000000,0.000000,0.000000,0.000000,0.000000,0.000000,0.000000,0.000000,0.000000,0.000000,0.000000,0.000000,0.000000,0.000000,0.000000,0.000000,0.000000,0.000000,0.000000,0.000000,0.000000,0.000000,0.000000,0.000000,0.000000,0.000000,0.000000,0.000000,0.000000,0.000000,0.000000,0.000000,0.000000,0.000000,0.000000,0.000000,0.000000,0.000000,0.000000,0.000000,0.000000,0.000000,0.000000,0.000000,0.000000,0.000000,0.000000,0.000000,0.000000,0.000000,0.000000,0.000000,0.000000,0.000000,0.000000,0.000000,0.000000,0.000000,0.000000,0.000000,0.000000,0.000000,0.000000,0.000000,0.000000,0.000000,0.000000,0.000000,0.000000,0.000000,0.000000,0.000000,0.000000,0.000000,0.000000,0.000000,0.000000,0.000000,0.000000,0.000000,0,100,100,533,,0.000000,0.609756,0.091932,0.026266,0.061914,0.003752,0.018762,0.000000,0.005629,0.001876,0.005629,0.003752,0.001876,0.005629,0.003752,0.026266,0.011257,0.007505,0.007505,0.007505,0.018762,0.001876,0.007505,0.000000,0.009381,0.000000,0.000000,0.007505,0.005629,0.018762,0.001876,0.005629,0.001876,0.003752,0.000000,0.000000,0.000000,0.000000,0.000000,0.000000,0.000000,0.003752,0.001876,0.003752,0.000000,0.001876,0.000000,0.001876,0.003752,0.000000,0.000000,0.000000,0.000000,0.000000,0.000000,0.000000,0.000000,0.000000,0.000000,0.000000,0.000000,0.000000,0.000000,0.000000,0.000000,0.000000,0.000000,0.000000,0.000000,0.000000,0.000000,0.000000,0.000000,0.000000,0.000000,0.000000,0.000000,0.000000,0.000000,0.000000,0.000000,0.000000,0.000000,0.000000,0.000000,0.000000,0.000000,0.000000,0.000000,0.000000,0.000000,0.000000,0.000000,0.000000,0.000000,0.000000,0.000000,0.000000,0.000000,0.000000,0.000000,0.000000,0.000000,0.000627,0.000000,0.000000,0.000000,0.000000,0.000000,0.000000,0.000000,0.000000,0.000000,0.000000,0.000000,0.000000,0.000000,0.000000,0.000000,0.000000,0.000000,0.000000,0.000000,0.000000,0.000000,0.000000,0.000000,0.000000,0.000000,0.000627,0.000000,0.000627,0.002506,0.000000,0.000627,0.001253,0.001253,0.001253,0.001253,0.003759,0.001253,0.003759,0.001880,0.002506,0.010652,0.010025,0.016917,0.014411,0.026316,0.044486,0.007519,0.030702,0.038221,0.044486,0.036967,0.036967,0.038847,0.030075,0.029449,0.044486,0.032581,0.021930,0.033835,0.005013,0.024436,0.023810,0.028822,0.024436,0.021303,0.016291,0.016291,0.018797,0.010652,0.013784,0.005639,0.009398,0.021303,0.072682,0.020677,0.004386,0.001880,0.003759,0.000627,0.002506,0.002506,0.000627,0.000000,0.000000,0.000000,0.000000,0.000000,0.000000,0.000000,0.000000,0.000000,0.002506,0.075815,0.000000,0.000000,0.000000,0,0,0,0,0,0,0,0,10346,0,0,0,5809,21,3988,9,43,0,16,0,
,,0,10,0.032668,0.000000,9600,1000000,1638,0,100,100,139,,0.000000,0.395683,0.244604,0.043165,0.050360,0.043165,0.014388,0.021583,0.014388,0.021583,0.028777,0.021583,0.000000,0.000000,0.079137,0.000000,0.000000,0.000000,0.000000,0.000000,0.000000,0.000000,0.000000,0.000000,0.000000,0.021583,0.000000,0.000000,0.000000,0.000000,0.000000,0.000000,0.000000,0.000000,0.000000,0.000000,0.000000,0.000000,0.000000,0.000000,0.000000,0.000000,0.000000,0.000000,0.000000,0.000000,0.000000,0.000000,0.000000,0.000000,0.000000,0.000000,0.000000,0.000000,0.000000,0.000000,0.000000,0.000000,0.000000,0.000000,0.000000,0.000000,0.000000,0.000000,0.000000,0.000000,0.000000,0.000000,0.000000,0.000000,0.000000,0.000000,0.000000,0.000000,0.000000,0.000000,0.000000,0.000000,0.000000,0.000000,0.000000,0.000000,0.000000,0.000000,0.000000,0.000000,0.000000,0.000000,0.000000,0.000000,0.000000,0.000000,0.000000,0.000000,0.000000,0.000000,0.000000,0.000000,0.000000,0.000000,0,100,100,159,,0.000000,0.327044,0.232704,0.037736,0.006289,0.000000,0.018868,0.006289,0.006289,0.006289,0.018868,0.000000,0.018868,0.088050,0.081761,0.000000,0.000000,0.000000,0.006289,0.000000,0.000000,0.000000,0.000000,0.000000,0.000000,0.000000,0.000000,0.000000,0.000000,0.000000,0.000000,0.000000,0.000000,0.000000,0.000000,0.000000,0.000000,0.000000,0.000000,0.000000,0.000000,0.000000,0.000000,0.000000,0.000000,0.000000,0.000000,0.000000,0.000000,0.000000,0.000000,0.000000,0.000000,0.000000,0.000000,0.000000,0.000000,0.000000,0.000000,0.000000,0.000000,0.000000,0.000000,0.000000,0.000000,0.000000,0.000000,0.000000,0.000000,0.000000,0.000000,0.000000,0.000000,0.000000,0.000000,0.000000,0.000000,0.000000,0.000000,0.000000,0.000000,0.000000,0.000000,0.000000,0.000000,0.006289,0.000000,0.000000,0.000000,0.000000,0.000000,0.000000,0.000000,0.000000,0.000000,0.000000,0.000000,0.000000,0.000000,0.138365,0.000000,0.000000,0.000000,0.000000,0.000000,0.000000,0.000000,0.000000,0.000000,0.000000,0.000000,0.000000,0.000000,0.000000,0.000000,0.000000,0.000000,0.000000,0.000000,0.000000,0.000000,0.000627,0.000000,0.000000,0.000000,0.000000,0.000000,0.000000,0.000000,0.000000,0.000000,0.000000,0.000000,0.000000,0.000000,0.000000,0.016291,0.013784,0.000000,0.000000,0.000000,0.000627,0.000000,0.001880,0.001253,0.002506,0.001253,0.000000,0.005013,0.000627,0.000000,0.001880,0.001253,0.003133,0.003133,0.001880,0.004386,0.005639,0.003759,0.005639,0.003759,0.005013,0.020050,0.005639,0.024436,0.016291,0.021303,0.018797,0.032581,0.029449,0.018797,0.011278,0.016917,0.009398,0.008145,0.006892,0.005013,0.371554,0.137218,0.001253,0.006266,0.002506,0.002506,0.000000,0.000000,0.000000,0.000000,0.000000,0.000000,0.000000,0.000000,0.000000,0.000000,0.000000,0.000000,0.003133,0.147243,0.000000,0.000000,0.000000,0,0,0,0,0,0,0,0,8098,0,0,0,5740,20,1810,8,42,0,16,0,
,,0,10,0.219962,0.000000,9600,1000000,2170,0,100,100,119,,0.000000,0.521008,0.226891,0.016807,0.000000,0.000000,0.000000,0.008403,0.016807,0.058824,0.134454,0.016807,0.000000,0.000000,0.000000,0.000000,0.000000,0.000000,0.000000,0.000000,0.000000,0.000000,0.000000,0.000000,0.000000,0.000000,0.000000,0.000000,0.000000,0.000000,0.000000,0.000000,0.000000,0.000000,0.000000,0.000000,0.000000,0.000000,0.000000,0.000000,0.000000,0.000000,0.000000,0.000000,0.000000,0.000000,0.000000,0.000000,0.000000,0.000000,0.000000,0.000000,0.000000,0.000000,0.000000,0.000000,0.000000,0.000000,0.000000,0.000000,0.000000,0.000000,0.000000,0.000000,0.000000,0.000000,0.000000,0.000000,0.000000,0.000000,0.000000,0.000000,0.000000,0.000000,0.000000,0.000000,0.000000,0.000000,0.000000,0.000000,0.000000,0.000000,0.000000,0.000000,0.000000,0.000000,0.000000,0.000000,0.000000,0.000000,0.000000,0.000000,0.000000,0.000000,0.000000,0.000000,0.000000,0.000000,0.000000,0.000000,0,100,100,118,,0.000000,0.118644,0.016949,0.008475,0.000000,0.008475,0.025424,0.000000,0.033898,0.025424,0.000000,0.008475,0.008475,0.050847,0.033898,0.135593,0.059322,0.000000,0.000000,0.000000,0.000000,0.000000,0.000000,0.025424,0.016949,0.016949,0.016949,0.008475,0.025424,0.008475,0.008475,0.016949,0.000000,0.000000,0.000000,0.008475,0.016949,0.042373,0.016949,0.008475,0.000000,0.000000,0.000000,0.000000,0.000000,0.000000,0.000000,0.000000,0.000000,0.000000,0.000000,0.000000,0.000000,0.000000,0.000000,0.000000,0.000000,0.000000,0.000000,0.000000,0.000000,0.000000,0.050847,0.177966,0.000000,0.000000,0.000000,0.000000,0.000000,0.000000,0.000000,0.000000,0.000000,0.000000,0.000000,0.000000,0.000000,0.000000,0.000000,0.000000,0.000000,0.000000,0.000000,0.000000,0.000000,0.000000,0.000000,0.000000,0.000000,0.000000,0.000000,0.000000,0.000000,0.000000,0.000000,0.000000,0.000000,0.000000,0.000000,0.000000,0.000000,0.000000,0.000000,0.000000,0.000000,0.000000,0.000000,0.000000,0.000000,0.000000,0.000000,0.000000,0.000000,0.000000,0.000000,0.000000,0.000000,0.000000,0.000000,0.000000,0.000000,0.000000,0.000000,0.000000,0.000000,0.000000,0.000000,0.000000,0.000000,0.000000,0.000000,0.000000,0.000000,0.000000,0.003133,0.001880,0.001253,0.001253,0.000000,0.003759,0.004386,0.001253,0.006266,0.006892,0.001253,0.005639,0.005013,0.001880,0.001253,0.001253,0.000000,0.028195,0.120301,0.091479,0.114662,0.055138,0.005013,0.008145,0.011905,0.016291,0.010652,0.006892,0.021303,0.003133,0.008772,0.003133,0.001253,0.001880,0.006266,0.008145,0.006892,0.006266,0.001253,0.000000,0.001253,0.000000,0.000000,0.149123,0.172306,0.000000,0.000000,0.000000,0.001253,0.000627,0.001253,0.002506,0.005639,0.004386,0.000000,0.000000,0.000000,0.000000,0.000000,0.000000,0.000000,0.000000,0.078321,0.000000,0.000000,0.000000,0,0,0,0,0,0,0,0,8003,0,0,0,5814,21,1628,10,50,0,19,0,
,,0,10,0.148399,0.000000,9600,1000000,1597,0,100,100,161,,0.000000,0.714286,0.149068,0.086957,0.031056,0.012422,0.006211,0.000000,0.000000,0.000000,0.000000,0.000000,0.000000,0.000000,0.000000,0.000000,0.000000,0.000000,0.000000,0.000000,0.000000,0.000000,0.000000,0.000000,0.000000,0.000000,0.000000,0.000000,0.000000,0.000000,0.000000,0.000000,0.000000,0.000000,0.000000,0.000000,0.000000,0.000000,0.000000,0.000000,0.000000,0.000000,0.000000,0.000000,0.000000,0.000000,0.000000,0.000000,0.000000,0.000000,0.000000,0.000000,0.000000,0.000000,0.000000,0.000000,0.000000,0.000000,0.000000,0.000000,0.000000,0.000000,0.000000,0.000000,0.000000,0.000000,0.000000,0.000000,0.000000,0.000000,0.000000,0.000000,0.000000,0.000000,0.000000,0.000000,0.000000,0.000000,0.000000,0.000000,0.000000,0.000000,0.000000,0.000000,0.000000,0.000000,0.000000,0.000000,0.000000,0.000000,0.000000,0.000000,0.000000,0.000000,0.000000,0.000000,0.000000,0.000000,0.000000,0.000000,0,100,100,160,,0.000000,0.500000,0.062500,0.000000,0.012500,0.012500,0.000000,0.000000,0.000000,0.000000,0.000000,0.000000,0.012500,0.012500,0.000000,0.006250,0.000000,0.000000,0.000000,0.000000,0.000000,0.031250,0.006250,0.000000,0.000000,0.000000,0.000000,0.000000,0.000000,0.000000,0.000000,0.000000,0.006250,0.025000,0.000000,0.000000,0.000000,0.000000,0.000000,0.000000,0.000000,0.006250,0.012500,0.012500,0.000000,0.000000,0.000000,0.000000,0.000000,0.000000,0.000000,0.000000,0.000000,0.000000,0.000000,0.068750,0.062500,0.056250,0.006250,0.000000,0.000000,0.000000,0.000000,0.087500,0.000000,0.000000,0.000000,0.000000,0.000000,0.000000,0.000000,0.000000,0.000000,0.000000,0.000000,0.000000,0.000000,0.000000,0.000000,0.000000,0.000000,0.000000,0.000000,0.000000,0.000000,0.000000,0.000000,0.000000,0.000000,0.000000,0.000000,0.000000,0.000000,0.000000,0.000000,0.000000,0.000000,0.000000,0.000000,0.000000,0.000000,0.000000,0.000000,0.000000,0.000000,0.000000,0.000000,0.000000,0.000000,0.000000,0.000000,0.000000,0.000000,0.000000,0.000000,0.000000,0.000000,0.000000,0.000000,0.000000,0.000000,0.000000,0.000000,0.000000,0.000000,0.000000,0.000000,0.000000,0.000000,0.000000,0.000000,0.000627,0.000000,0.000000,0.000000,0.000627,0.018797,0.019424,0.025689,0.013784,0.031328,0.015664,0.005013,0.003759,0.003133,0.003133,0.001253,0.006892,0.004386,0.013784,0.003133,0.016291,0.018170,0.015038,0.007519,0.017544,0.011278,0.021303,0.014411,0.033835,0.027569,0.024436,0.074561,0.012531,0.038847,0.057644,0.050752,0.043860,0.057644,0.033208,0.020677,0.025063,0.016291,0.007519,0.005639,0.003759,0.005639,0.021303,0.050752,0.002506,0.003133,0.003133,0.001880,0.003133,0.002506,0.001880,0.003759,0.006892,0.005013,0.000000,0.000000,0.000000,0.000000,0.000000,0.000000,0.000000,0.062657,0.000000,0.000000,0.000000,0,0,0,0,0,0,0,0,8184,0,0,0,5764,20,1871,9,42,0,17,0,
,,0,10,0.026495,0.000000,9600,1000000,2047,0,100,100,394,,0.000000,0.715736,0.157360,0.068528,0.045685,0.010152,0.002538,0.000000,0.000000,0.000000,0.000000,0.000000,0.000000,0.000000,0.000000,0.000000,0.000000,0.000000,0.000000,0.000000,0.000000,0.000000,0.000000,0.000000,0.000000,0.000000,0.000000,0.000000,0.000000,0.000000,0.000000,0.000000,0.000000,0.000000,0.000000,0.000000,0.000000,0.000000,0.000000,0.000000,0.000000,0.000000,0.000000,0.000000,0.000000,0.000000,0.000000,0.000000,0.000000,0.000000,0.000000,0.000000,0.000000,0.000000,0.000000,0.000000,0.000000,0.000000,0.000000,0.000000,0.000000,0.000000,0.000000,0.000000,0.000000,0.000000,0.000000,0.000000,0.000000,0.000000,0.000000,0.000000,0.000000,0.000000,0.000000,0.000000,0.000000,0.000000,0.000000,0.000000,0.000000,0.000000,0.000000,0.000000,0.000000,0.000000,0.000000,0.000000,0.000000,0.000000,0.000000,0.000000,0.000000,0.000000,0.000000,0.000000,0.000000,0.000000,0.000000,0.000000,0,100,100,393,,0.000000,0.508906,0.091603,0.048346,0.025445,0.025445,0.033079,0.015267,0.005089,0.005089,0.000000,0.000000,0.002545,0.000000,0.040712,0.035623,0.002545,0.002545,0.000000,0.002545,0.012723,0.005089,0.027990,0.010178,0.007634,0.002545,0.000000,0.007634,0.007634,0.012723,0.000000,0.002545,0.000000,0.000000,0.002545,0.007634,0.007634,0.005089,0.000000,0.005089,0.000000,0.000000,0.000000,0.007634,0.000000,0.000000,0.000000,0.000000,0.000000,0.002545,0.002545,0.000000,0.005089,0.000000,0.007634,0.005089,0.000000,0.000000,0.000000,0.000000,0.000000,0.000000,0.000000,0.000000,0.000000,0.000000,0.000000,0.000000,0.000000,0.000000,0.000000,0.000000,0.000000,0.000000,0.000000,0.000000,0.000000,0.000000,0.000000,0.000000,0.000000,0.000000,0.000000,0.000000,0.000000,0.000000,0.000000,0.000000,0.000000,0.000000,0.000000,0.000000,0.000000,0.000000,0.000000,0.000000,0.000000,0.000000,0.000000,0.000000,0.000000,0.000000,0.000000,0.000000,0.000000,0.000000,0.000000,0.000000,0.000000,0.000000,0.000000,0.000000,0.000000,0.000000,0.000000,0.000000,0.000000,0.000000,0.000000,0.000000,0.000000,0.000000,0.000000,0.000000,0.000000,0.000000,0.000627,0.000000,0.000000,0.000627,0.000000,0.000000,0.003133,0.001253,0.001253,0.003759,0.001880,0.001880,0.001253,0.005013,0.012531,0.010652,0.008772,0.013784,0.011278,0.007519,0.024436,0.026942,0.036967,0.048246,0.014411,0.031328,0.023183,0.026316,0.015038,0.016291,0.017544,0.013158,0.015664,0.020050,0.020677,0.018797,0.018797,0.007519,0.025689,0.025689,0.022556,0.015664,0.025689,0.026942,0.016917,0.020050,0.012531,0.022556,0.010652,0.025063,0.009398,0.040727,0.119048,0.000627,0.000627,0.000627,0.005013,0.009398,0.007519,0.004386,0.003759,0.005639,0.000000,0.000000,0.000000,0.000000,0.000000,0.000000,0.000000,0.000000,0.061404,0.001253,0.000000,0.000000,0,0,0,0,0,0,0,0,9546,0,0,0,5802,20,3197,8,42,0,17,0,
,,0,10,0.021510,0.000000,9600,1000000,1863,0,100,100,112,,0.000000,0.285714,0.214286,0.133929,0.026786,0.008929,0.026786,0.008929,0.017857,0.026786,0.017857,0.017857,0.017857,0.017857,0.017857,0.017857,0.008929,0.000000,0.000000,0.000000,0.000000,0.008929,0.000000,0.000000,0.000000,0.000000,0.008929,0.000000,0.000000,0.000000,0.000000,0.008929,0.000000,0.000000,0.000000,0.000000,0.008929,0.000000,0.000000,0.000000,0.062500,0.000000,0.000000,0.000000,0.000000,0.000000,0.000000,0.000000,0.000000,0.000000,0.000000,0.000000,0.000000,0.008929,0.000000,0.000000,0.000000,0.000000,0.000000,0.000000,0.000000,0.000000,0.008929,0.000000,0.000000,0.000000,0.000000,0.026786,0.000000,0.000000,0.000000,0.000000,0.000000,0.000000,0.000000,0.000000,0.000000,0.000000,0.000000,0.000000,0.000000,0.000000,0.000000,0.000000,0.000000,0.000000,0.000000,0.000000,0.000000,0.000000,0.000000,0.000000,0.000000,0.000000,0.000000,0.000000,0.000000,0.000000,0.000000,0.000000,0.000000,0.000000,0.000000,0.000000,0.000000,0.000000,0.000000,0.000000,0.000000,0.000000,0.000000,0.000000,0.000000,0.000000,0.000000,0,100,100,132,,0.000000,0.378788,0.174242,0.113636,0.000000,0.000000,0.000000,0.000000,0.000000,0.000000,0.007576,0.000000,0.045455,0.083333,0.000000,0.000000,0.000000,0.000000,0.000000,0.000000,0.000000,0.000000,0.000000,0.000000,0.000000,0.000000,0.000000,0.000000,0.007576,0.000000,0.000000,0.000000,0.000000,0.000000,0.000000,0.000000,0.000000,0.000000,0.000000,0.007576,0.000000,0.000000,0.000000,0.000000,0.000000,0.000000,0.000000,0.000000,0.000000,0.000000,0.000000,0.000000,0.000000,0.000000,0.000000,0.000000,0.000000,0.000000,0.000000,0.000000,0.000000,0.000000,0.000000,0.007576,0.007576,0.000000,0.000000,0.000000,0.000000,0.000000,0.000000,0.000000,0.000000,0.000000,0.000000,0.000000,0.000000,0.000000,0.000000,0.007576,0.000000,0.000000,0.000000,0.000000,0.000000,0.000000,0.000000,0.000000,0.000000,0.000000,0.000000,0.000000,0.000000,0.000000,0.000000,0.000000,0.000000,0.000000,0.000000,0.159091,0.000000,0.000000,0.000000,0.000000,0.000000,0.000000,0.000000,0.000000,0.000000,0.000000,0.000000,0.000000,0.000000,0.000000,0.000000,0.000000,0.000000,0.000000,0.000000,0.000000,0.000000,0.000000,0.000627,0.000000,0.000000,0.000000,0.000000,0.000000,0.000000,0.000000,0.000000,0.000000,0.000000,0.000000,0.001880,0.001880,0.000000,0.001253,0.000627,0.003133,0.001880,0.003759,0.027569,0.000627,0.001253,0.000627,0.000000,0.000000,0.000627,0.003133,0.000627,0.000000,0.001253,0.000627,0.001880,0.001880,0.001253,0.001253,0.001253,0.005639,0.006892,0.010025,0.019424,0.005639,0.009398,0.011278,0.010025,0.010652,0.013784,0.009398,0.011905,0.013784,0.005013,0.007519,0.004386,0.006266,0.003759,0.565163,0.119048,0.002506,0.003759,0.001880,0.002506,0.001880,0.000627,0.000627,0.000000,0.000000,0.000000,0.000000,0.000000,0.000000,0.000000,0.000000,0.000000,0.006266,0.072055,0.000000,0.000000,0.000000,0,0,0,0,0,0,0,0,7957,0,0,0,5756,20,1651,8,42,0,20,0,